[{"model": "admin.logentry", "pk": 1, "fields": {"action_time": "2025-05-31T23:59:22.087Z", "user": 1, "content_type": 4, "object_id": "2", "object_repr": "Livia", "action_flag": 1, "change_message": "[{\"added\": {}}]"}}, {"model": "admin.logentry", "pk": 2, "fields": {"action_time": "2025-05-31T23:59:31.744Z", "user": 1, "content_type": 4, "object_id": "2", "object_repr": "Livia", "action_flag": 2, "change_message": "[{\"changed\": {\"fields\": [\"Staff status\", \"Superuser status\"]}}]"}}, {"model": "admin.logentry", "pk": 3, "fields": {"action_time": "2025-06-01T00:00:15.365Z", "user": 1, "content_type": 8, "object_id": "2", "object_repr": "Member object (2)", "action_flag": 1, "change_message": "[{\"added\": {}}]"}}, {"model": "admin.logentry", "pk": 5, "fields": {"action_time": "2025-06-10T14:55:38.160Z", "user": 1, "content_type": 4, "object_id": "3", "object_repr": "girafa", "action_flag": 1, "change_message": "[{\"added\": {}}]"}}, {"model": "admin.logentry", "pk": 6, "fields": {"action_time": "2025-06-10T14:55:44.324Z", "user": 1, "content_type": 4, "object_id": "3", "object_repr": "girafa", "action_flag": 2, "change_message": "[{\"changed\": {\"fields\": [\"Staff status\", \"Superuser status\"]}}]"}}, {"model": "admin.logentry", "pk": 7, "fields": {"action_time": "2025-06-10T15:28:15.288Z", "user": 1, "content_type": 8, "object_id": "18", "object_repr": "Member object (18)", "action_flag": 1, "change_message": "[{\"added\": {}}]"}}, {"model": "admin.logentry", "pk": 8, "fields": {"action_time": "2025-06-10T15:28:44.772Z", "user": 1, "content_type": 8, "object_id": "19", "object_repr": "Member object (19)", "action_flag": 1, "change_message": "[{\"added\": {}}]"}}, {"model": "admin.logentry", "pk": 9, "fields": {"action_time": "2025-06-10T15:30:05.374Z", "user": 1, "content_type": 4, "object_id": "4", "object_repr": "maria", "action_flag": 1, "change_message": "[{\"added\": {}}]"}}, {"model": "admin.logentry", "pk": 10, "fields": {"action_time": "2025-06-10T15:30:10.607Z", "user": 1, "content_type": 4, "object_id": "4", "object_repr": "maria", "action_flag": 2, "change_message": "[{\"changed\": {\"fields\": [\"Staff status\", \"Superuser status\"]}}]"}}, {"model": "admin.logentry", "pk": 11, "fields": {"action_time": "2025-06-10T15:30:25.863Z", "user": 1, "content_type": 8, "object_id": "20", "object_repr": "Member object (20)", "action_flag": 1, "change_message": "[{\"added\": {}}]"}}, {"model": "auth.permission", "pk": 1, "fields": {"name": "Can add log entry", "content_type": 1, "codename": "add_logentry"}}, {"model": "auth.permission", "pk": 2, "fields": {"name": "Can change log entry", "content_type": 1, "codename": "change_logentry"}}, {"model": "auth.permission", "pk": 3, "fields": {"name": "Can delete log entry", "content_type": 1, "codename": "delete_logentry"}}, {"model": "auth.permission", "pk": 4, "fields": {"name": "Can view log entry", "content_type": 1, "codename": "view_logentry"}}, {"model": "auth.permission", "pk": 5, "fields": {"name": "Can add permission", "content_type": 2, "codename": "add_permission"}}, {"model": "auth.permission", "pk": 6, "fields": {"name": "Can change permission", "content_type": 2, "codename": "change_permission"}}, {"model": "auth.permission", "pk": 7, "fields": {"name": "Can delete permission", "content_type": 2, "codename": "delete_permission"}}, {"model": "auth.permission", "pk": 8, "fields": {"name": "Can view permission", "content_type": 2, "codename": "view_permission"}}, {"model": "auth.permission", "pk": 9, "fields": {"name": "Can add group", "content_type": 3, "codename": "add_group"}}, {"model": "auth.permission", "pk": 10, "fields": {"name": "Can change group", "content_type": 3, "codename": "change_group"}}, {"model": "auth.permission", "pk": 11, "fields": {"name": "Can delete group", "content_type": 3, "codename": "delete_group"}}, {"model": "auth.permission", "pk": 12, "fields": {"name": "Can view group", "content_type": 3, "codename": "view_group"}}, {"model": "auth.permission", "pk": 13, "fields": {"name": "Can add user", "content_type": 4, "codename": "add_user"}}, {"model": "auth.permission", "pk": 14, "fields": {"name": "Can change user", "content_type": 4, "codename": "change_user"}}, {"model": "auth.permission", "pk": 15, "fields": {"name": "Can delete user", "content_type": 4, "codename": "delete_user"}}, {"model": "auth.permission", "pk": 16, "fields": {"name": "Can view user", "content_type": 4, "codename": "view_user"}}, {"model": "auth.permission", "pk": 17, "fields": {"name": "Can add content type", "content_type": 5, "codename": "add_contenttype"}}, {"model": "auth.permission", "pk": 18, "fields": {"name": "Can change content type", "content_type": 5, "codename": "change_contenttype"}}, {"model": "auth.permission", "pk": 19, "fields": {"name": "Can delete content type", "content_type": 5, "codename": "delete_contenttype"}}, {"model": "auth.permission", "pk": 20, "fields": {"name": "Can view content type", "content_type": 5, "codename": "view_contenttype"}}, {"model": "auth.permission", "pk": 21, "fields": {"name": "Can add session", "content_type": 6, "codename": "add_session"}}, {"model": "auth.permission", "pk": 22, "fields": {"name": "Can change session", "content_type": 6, "codename": "change_session"}}, {"model": "auth.permission", "pk": 23, "fields": {"name": "Can delete session", "content_type": 6, "codename": "delete_session"}}, {"model": "auth.permission", "pk": 24, "fields": {"name": "Can view session", "content_type": 6, "codename": "view_session"}}, {"model": "auth.permission", "pk": 25, "fields": {"name": "Can add role", "content_type": 7, "codename": "add_role"}}, {"model": "auth.permission", "pk": 26, "fields": {"name": "Can change role", "content_type": 7, "codename": "change_role"}}, {"model": "auth.permission", "pk": 27, "fields": {"name": "Can delete role", "content_type": 7, "codename": "delete_role"}}, {"model": "auth.permission", "pk": 28, "fields": {"name": "Can view role", "content_type": 7, "codename": "view_role"}}, {"model": "auth.permission", "pk": 29, "fields": {"name": "Can add member", "content_type": 8, "codename": "add_member"}}, {"model": "auth.permission", "pk": 30, "fields": {"name": "Can change member", "content_type": 8, "codename": "change_member"}}, {"model": "auth.permission", "pk": 31, "fields": {"name": "Can delete member", "content_type": 8, "codename": "delete_member"}}, {"model": "auth.permission", "pk": 32, "fields": {"name": "Can view member", "content_type": 8, "codename": "view_member"}}, {"model": "auth.permission", "pk": 33, "fields": {"name": "Can add project", "content_type": 9, "codename": "add_project"}}, {"model": "auth.permission", "pk": 34, "fields": {"name": "Can change project", "content_type": 9, "codename": "change_project"}}, {"model": "auth.permission", "pk": 35, "fields": {"name": "Can delete project", "content_type": 9, "codename": "delete_project"}}, {"model": "auth.permission", "pk": 36, "fields": {"name": "Can view project", "content_type": 9, "codename": "view_project"}}, {"model": "auth.permission", "pk": 37, "fields": {"name": "Can add image classification project", "content_type": 10, "codename": "add_imageclassificationproject"}}, {"model": "auth.permission", "pk": 38, "fields": {"name": "Can change image classification project", "content_type": 10, "codename": "change_imageclassificationproject"}}, {"model": "auth.permission", "pk": 39, "fields": {"name": "Can delete image classification project", "content_type": 10, "codename": "delete_imageclassificationproject"}}, {"model": "auth.permission", "pk": 40, "fields": {"name": "Can view image classification project", "content_type": 10, "codename": "view_imageclassificationproject"}}, {"model": "auth.permission", "pk": 41, "fields": {"name": "Can add intent detection and slot filling project", "content_type": 11, "codename": "add_intentdetectionandslotfillingproject"}}, {"model": "auth.permission", "pk": 42, "fields": {"name": "Can change intent detection and slot filling project", "content_type": 11, "codename": "change_intentdetectionandslotfillingproject"}}, {"model": "auth.permission", "pk": 43, "fields": {"name": "Can delete intent detection and slot filling project", "content_type": 11, "codename": "delete_intentdetectionandslotfillingproject"}}, {"model": "auth.permission", "pk": 44, "fields": {"name": "Can view intent detection and slot filling project", "content_type": 11, "codename": "view_intentdetectionandslotfillingproject"}}, {"model": "auth.permission", "pk": 45, "fields": {"name": "Can add seq2seq project", "content_type": 12, "codename": "add_seq2seqproject"}}, {"model": "auth.permission", "pk": 46, "fields": {"name": "Can change seq2seq project", "content_type": 12, "codename": "change_seq2seqproject"}}, {"model": "auth.permission", "pk": 47, "fields": {"name": "Can delete seq2seq project", "content_type": 12, "codename": "delete_seq2seqproject"}}, {"model": "auth.permission", "pk": 48, "fields": {"name": "Can view seq2seq project", "content_type": 12, "codename": "view_seq2seqproject"}}, {"model": "auth.permission", "pk": 49, "fields": {"name": "Can add sequence labeling project", "content_type": 13, "codename": "add_sequencelabelingproject"}}, {"model": "auth.permission", "pk": 50, "fields": {"name": "Can change sequence labeling project", "content_type": 13, "codename": "change_sequencelabelingproject"}}, {"model": "auth.permission", "pk": 51, "fields": {"name": "Can delete sequence labeling project", "content_type": 13, "codename": "delete_sequencelabelingproject"}}, {"model": "auth.permission", "pk": 52, "fields": {"name": "Can view sequence labeling project", "content_type": 13, "codename": "view_sequencelabelingproject"}}, {"model": "auth.permission", "pk": 53, "fields": {"name": "Can add speech2text project", "content_type": 14, "codename": "add_speech2textproject"}}, {"model": "auth.permission", "pk": 54, "fields": {"name": "Can change speech2text project", "content_type": 14, "codename": "change_speech2textproject"}}, {"model": "auth.permission", "pk": 55, "fields": {"name": "Can delete speech2text project", "content_type": 14, "codename": "delete_speech2textproject"}}, {"model": "auth.permission", "pk": 56, "fields": {"name": "Can view speech2text project", "content_type": 14, "codename": "view_speech2textproject"}}, {"model": "auth.permission", "pk": 57, "fields": {"name": "Can add text classification project", "content_type": 15, "codename": "add_textclassificationproject"}}, {"model": "auth.permission", "pk": 58, "fields": {"name": "Can change text classification project", "content_type": 15, "codename": "change_textclassificationproject"}}, {"model": "auth.permission", "pk": 59, "fields": {"name": "Can delete text classification project", "content_type": 15, "codename": "delete_textclassificationproject"}}, {"model": "auth.permission", "pk": 60, "fields": {"name": "Can view text classification project", "content_type": 15, "codename": "view_textclassificationproject"}}, {"model": "auth.permission", "pk": 61, "fields": {"name": "Can add tag", "content_type": 16, "codename": "add_tag"}}, {"model": "auth.permission", "pk": 62, "fields": {"name": "Can change tag", "content_type": 16, "codename": "change_tag"}}, {"model": "auth.permission", "pk": 63, "fields": {"name": "Can delete tag", "content_type": 16, "codename": "delete_tag"}}, {"model": "auth.permission", "pk": 64, "fields": {"name": "Can view tag", "content_type": 16, "codename": "view_tag"}}, {"model": "auth.permission", "pk": 65, "fields": {"name": "Can add bounding box project", "content_type": 17, "codename": "add_boundingboxproject"}}, {"model": "auth.permission", "pk": 66, "fields": {"name": "Can change bounding box project", "content_type": 17, "codename": "change_boundingboxproject"}}, {"model": "auth.permission", "pk": 67, "fields": {"name": "Can delete bounding box project", "content_type": 17, "codename": "delete_boundingboxproject"}}, {"model": "auth.permission", "pk": 68, "fields": {"name": "Can view bounding box project", "content_type": 17, "codename": "view_boundingboxproject"}}, {"model": "auth.permission", "pk": 69, "fields": {"name": "Can add segmentation project", "content_type": 18, "codename": "add_segmentationproject"}}, {"model": "auth.permission", "pk": 70, "fields": {"name": "Can change segmentation project", "content_type": 18, "codename": "change_segmentationproject"}}, {"model": "auth.permission", "pk": 71, "fields": {"name": "Can delete segmentation project", "content_type": 18, "codename": "delete_segmentationproject"}}, {"model": "auth.permission", "pk": 72, "fields": {"name": "Can view segmentation project", "content_type": 18, "codename": "view_segmentationproject"}}, {"model": "auth.permission", "pk": 73, "fields": {"name": "Can add image captioning project", "content_type": 19, "codename": "add_imagecaptioningproject"}}, {"model": "auth.permission", "pk": 74, "fields": {"name": "Can change image captioning project", "content_type": 19, "codename": "change_imagecaptioningproject"}}, {"model": "auth.permission", "pk": 75, "fields": {"name": "Can delete image captioning project", "content_type": 19, "codename": "delete_imagecaptioningproject"}}, {"model": "auth.permission", "pk": 76, "fields": {"name": "Can view image captioning project", "content_type": 19, "codename": "view_imagecaptioningproject"}}, {"model": "auth.permission", "pk": 77, "fields": {"name": "Can add dummy label type", "content_type": 20, "codename": "add_dummylabeltype"}}, {"model": "auth.permission", "pk": 78, "fields": {"name": "Can change dummy label type", "content_type": 20, "codename": "change_dummylabeltype"}}, {"model": "auth.permission", "pk": 79, "fields": {"name": "Can delete dummy label type", "content_type": 20, "codename": "delete_dummylabeltype"}}, {"model": "auth.permission", "pk": 80, "fields": {"name": "Can view dummy label type", "content_type": 20, "codename": "view_dummylabeltype"}}, {"model": "auth.permission", "pk": 81, "fields": {"name": "Can add exported category", "content_type": 21, "codename": "add_exportedcategory"}}, {"model": "auth.permission", "pk": 82, "fields": {"name": "Can change exported category", "content_type": 21, "codename": "change_exportedcategory"}}, {"model": "auth.permission", "pk": 83, "fields": {"name": "Can delete exported category", "content_type": 21, "codename": "delete_exportedcategory"}}, {"model": "auth.permission", "pk": 84, "fields": {"name": "Can view exported category", "content_type": 21, "codename": "view_exportedcategory"}}, {"model": "auth.permission", "pk": 85, "fields": {"name": "Can add exported example", "content_type": 22, "codename": "add_exportedexample"}}, {"model": "auth.permission", "pk": 86, "fields": {"name": "Can change exported example", "content_type": 22, "codename": "change_exportedexample"}}, {"model": "auth.permission", "pk": 87, "fields": {"name": "Can delete exported example", "content_type": 22, "codename": "delete_exportedexample"}}, {"model": "auth.permission", "pk": 88, "fields": {"name": "Can view exported example", "content_type": 22, "codename": "view_exportedexample"}}, {"model": "auth.permission", "pk": 89, "fields": {"name": "Can add exported relation", "content_type": 23, "codename": "add_exportedrelation"}}, {"model": "auth.permission", "pk": 90, "fields": {"name": "Can change exported relation", "content_type": 23, "codename": "change_exportedrelation"}}, {"model": "auth.permission", "pk": 91, "fields": {"name": "Can delete exported relation", "content_type": 23, "codename": "delete_exportedrelation"}}, {"model": "auth.permission", "pk": 92, "fields": {"name": "Can view exported relation", "content_type": 23, "codename": "view_exportedrelation"}}, {"model": "auth.permission", "pk": 93, "fields": {"name": "Can add exported span", "content_type": 24, "codename": "add_exportedspan"}}, {"model": "auth.permission", "pk": 94, "fields": {"name": "Can change exported span", "content_type": 24, "codename": "change_exportedspan"}}, {"model": "auth.permission", "pk": 95, "fields": {"name": "Can delete exported span", "content_type": 24, "codename": "delete_exportedspan"}}, {"model": "auth.permission", "pk": 96, "fields": {"name": "Can view exported span", "content_type": 24, "codename": "view_exportedspan"}}, {"model": "auth.permission", "pk": 97, "fields": {"name": "Can add exported text", "content_type": 25, "codename": "add_exportedtext"}}, {"model": "auth.permission", "pk": 98, "fields": {"name": "Can change exported text", "content_type": 25, "codename": "change_exportedtext"}}, {"model": "auth.permission", "pk": 99, "fields": {"name": "Can delete exported text", "content_type": 25, "codename": "delete_exportedtext"}}, {"model": "auth.permission", "pk": 100, "fields": {"name": "Can view exported text", "content_type": 25, "codename": "view_exportedtext"}}, {"model": "auth.permission", "pk": 101, "fields": {"name": "Can add exported bounding box", "content_type": 26, "codename": "add_exportedboundingbox"}}, {"model": "auth.permission", "pk": 102, "fields": {"name": "Can change exported bounding box", "content_type": 26, "codename": "change_exportedboundingbox"}}, {"model": "auth.permission", "pk": 103, "fields": {"name": "Can delete exported bounding box", "content_type": 26, "codename": "delete_exportedboundingbox"}}, {"model": "auth.permission", "pk": 104, "fields": {"name": "Can view exported bounding box", "content_type": 26, "codename": "view_exportedboundingbox"}}, {"model": "auth.permission", "pk": 105, "fields": {"name": "Can add exported segmentation", "content_type": 27, "codename": "add_exportedsegmentation"}}, {"model": "auth.permission", "pk": 106, "fields": {"name": "Can change exported segmentation", "content_type": 27, "codename": "change_exportedsegmentation"}}, {"model": "auth.permission", "pk": 107, "fields": {"name": "Can delete exported segmentation", "content_type": 27, "codename": "delete_exportedsegmentation"}}, {"model": "auth.permission", "pk": 108, "fields": {"name": "Can view exported segmentation", "content_type": 27, "codename": "view_exportedsegmentation"}}, {"model": "auth.permission", "pk": 109, "fields": {"name": "Can add exported comment", "content_type": 28, "codename": "add_exportedcomment"}}, {"model": "auth.permission", "pk": 110, "fields": {"name": "Can change exported comment", "content_type": 28, "codename": "change_exportedcomment"}}, {"model": "auth.permission", "pk": 111, "fields": {"name": "Can delete exported comment", "content_type": 28, "codename": "delete_exportedcomment"}}, {"model": "auth.permission", "pk": 112, "fields": {"name": "Can view exported comment", "content_type": 28, "codename": "view_exportedcomment"}}, {"model": "auth.permission", "pk": 113, "fields": {"name": "Can add auto labeling config", "content_type": 29, "codename": "add_autolabelingconfig"}}, {"model": "auth.permission", "pk": 114, "fields": {"name": "Can change auto labeling config", "content_type": 29, "codename": "change_autolabelingconfig"}}, {"model": "auth.permission", "pk": 115, "fields": {"name": "Can delete auto labeling config", "content_type": 29, "codename": "delete_autolabelingconfig"}}, {"model": "auth.permission", "pk": 116, "fields": {"name": "Can view auto labeling config", "content_type": 29, "codename": "view_autolabelingconfig"}}, {"model": "auth.permission", "pk": 117, "fields": {"name": "Can add span", "content_type": 30, "codename": "add_span"}}, {"model": "auth.permission", "pk": 118, "fields": {"name": "Can change span", "content_type": 30, "codename": "change_span"}}, {"model": "auth.permission", "pk": 119, "fields": {"name": "Can delete span", "content_type": 30, "codename": "delete_span"}}, {"model": "auth.permission", "pk": 120, "fields": {"name": "Can view span", "content_type": 30, "codename": "view_span"}}, {"model": "auth.permission", "pk": 121, "fields": {"name": "Can add category", "content_type": 31, "codename": "add_category"}}, {"model": "auth.permission", "pk": 122, "fields": {"name": "Can change category", "content_type": 31, "codename": "change_category"}}, {"model": "auth.permission", "pk": 123, "fields": {"name": "Can delete category", "content_type": 31, "codename": "delete_category"}}, {"model": "auth.permission", "pk": 124, "fields": {"name": "Can view category", "content_type": 31, "codename": "view_category"}}, {"model": "auth.permission", "pk": 125, "fields": {"name": "Can add text label", "content_type": 32, "codename": "add_textlabel"}}, {"model": "auth.permission", "pk": 126, "fields": {"name": "Can change text label", "content_type": 32, "codename": "change_textlabel"}}, {"model": "auth.permission", "pk": 127, "fields": {"name": "Can delete text label", "content_type": 32, "codename": "delete_textlabel"}}, {"model": "auth.permission", "pk": 128, "fields": {"name": "Can view text label", "content_type": 32, "codename": "view_textlabel"}}, {"model": "auth.permission", "pk": 129, "fields": {"name": "Can add relation", "content_type": 33, "codename": "add_relation"}}, {"model": "auth.permission", "pk": 130, "fields": {"name": "Can change relation", "content_type": 33, "codename": "change_relation"}}, {"model": "auth.permission", "pk": 131, "fields": {"name": "Can delete relation", "content_type": 33, "codename": "delete_relation"}}, {"model": "auth.permission", "pk": 132, "fields": {"name": "Can view relation", "content_type": 33, "codename": "view_relation"}}, {"model": "auth.permission", "pk": 133, "fields": {"name": "Can add bounding box", "content_type": 34, "codename": "add_boundingbox"}}, {"model": "auth.permission", "pk": 134, "fields": {"name": "Can change bounding box", "content_type": 34, "codename": "change_boundingbox"}}, {"model": "auth.permission", "pk": 135, "fields": {"name": "Can delete bounding box", "content_type": 34, "codename": "delete_boundingbox"}}, {"model": "auth.permission", "pk": 136, "fields": {"name": "Can view bounding box", "content_type": 34, "codename": "view_boundingbox"}}, {"model": "auth.permission", "pk": 137, "fields": {"name": "Can add segmentation", "content_type": 35, "codename": "add_segmentation"}}, {"model": "auth.permission", "pk": 138, "fields": {"name": "Can change segmentation", "content_type": 35, "codename": "change_segmentation"}}, {"model": "auth.permission", "pk": 139, "fields": {"name": "Can delete segmentation", "content_type": 35, "codename": "delete_segmentation"}}, {"model": "auth.permission", "pk": 140, "fields": {"name": "Can view segmentation", "content_type": 35, "codename": "view_segmentation"}}, {"model": "auth.permission", "pk": 141, "fields": {"name": "Can add span type", "content_type": 36, "codename": "add_spantype"}}, {"model": "auth.permission", "pk": 142, "fields": {"name": "Can change span type", "content_type": 36, "codename": "change_spantype"}}, {"model": "auth.permission", "pk": 143, "fields": {"name": "Can delete span type", "content_type": 36, "codename": "delete_spantype"}}, {"model": "auth.permission", "pk": 144, "fields": {"name": "Can view span type", "content_type": 36, "codename": "view_spantype"}}, {"model": "auth.permission", "pk": 145, "fields": {"name": "Can add category type", "content_type": 37, "codename": "add_categorytype"}}, {"model": "auth.permission", "pk": 146, "fields": {"name": "Can change category type", "content_type": 37, "codename": "change_categorytype"}}, {"model": "auth.permission", "pk": 147, "fields": {"name": "Can delete category type", "content_type": 37, "codename": "delete_categorytype"}}, {"model": "auth.permission", "pk": 148, "fields": {"name": "Can view category type", "content_type": 37, "codename": "view_categorytype"}}, {"model": "auth.permission", "pk": 149, "fields": {"name": "Can add relation type", "content_type": 38, "codename": "add_relationtype"}}, {"model": "auth.permission", "pk": 150, "fields": {"name": "Can change relation type", "content_type": 38, "codename": "change_relationtype"}}, {"model": "auth.permission", "pk": 151, "fields": {"name": "Can delete relation type", "content_type": 38, "codename": "delete_relationtype"}}, {"model": "auth.permission", "pk": 152, "fields": {"name": "Can view relation type", "content_type": 38, "codename": "view_relationtype"}}, {"model": "auth.permission", "pk": 153, "fields": {"name": "Can add example", "content_type": 39, "codename": "add_example"}}, {"model": "auth.permission", "pk": 154, "fields": {"name": "Can change example", "content_type": 39, "codename": "change_example"}}, {"model": "auth.permission", "pk": 155, "fields": {"name": "Can delete example", "content_type": 39, "codename": "delete_example"}}, {"model": "auth.permission", "pk": 156, "fields": {"name": "Can view example", "content_type": 39, "codename": "view_example"}}, {"model": "auth.permission", "pk": 157, "fields": {"name": "Can add comment", "content_type": 40, "codename": "add_comment"}}, {"model": "auth.permission", "pk": 158, "fields": {"name": "Can change comment", "content_type": 40, "codename": "change_comment"}}, {"model": "auth.permission", "pk": 159, "fields": {"name": "Can delete comment", "content_type": 40, "codename": "delete_comment"}}, {"model": "auth.permission", "pk": 160, "fields": {"name": "Can view comment", "content_type": 40, "codename": "view_comment"}}, {"model": "auth.permission", "pk": 161, "fields": {"name": "Can add example state", "content_type": 41, "codename": "add_examplestate"}}, {"model": "auth.permission", "pk": 162, "fields": {"name": "Can change example state", "content_type": 41, "codename": "change_examplestate"}}, {"model": "auth.permission", "pk": 163, "fields": {"name": "Can delete example state", "content_type": 41, "codename": "delete_examplestate"}}, {"model": "auth.permission", "pk": 164, "fields": {"name": "Can view example state", "content_type": 41, "codename": "view_examplestate"}}, {"model": "auth.permission", "pk": 165, "fields": {"name": "Can add assignment", "content_type": 42, "codename": "add_assignment"}}, {"model": "auth.permission", "pk": 166, "fields": {"name": "Can change assignment", "content_type": 42, "codename": "change_assignment"}}, {"model": "auth.permission", "pk": 167, "fields": {"name": "Can delete assignment", "content_type": 42, "codename": "delete_assignment"}}, {"model": "auth.permission", "pk": 168, "fields": {"name": "Can view assignment", "content_type": 42, "codename": "view_assignment"}}, {"model": "auth.permission", "pk": 169, "fields": {"name": "Can add Token", "content_type": 43, "codename": "add_token"}}, {"model": "auth.permission", "pk": 170, "fields": {"name": "Can change Token", "content_type": 43, "codename": "change_token"}}, {"model": "auth.permission", "pk": 171, "fields": {"name": "Can delete Token", "content_type": 43, "codename": "delete_token"}}, {"model": "auth.permission", "pk": 172, "fields": {"name": "Can view Token", "content_type": 43, "codename": "view_token"}}, {"model": "auth.permission", "pk": 173, "fields": {"name": "Can add Token", "content_type": 44, "codename": "add_tokenproxy"}}, {"model": "auth.permission", "pk": 174, "fields": {"name": "Can change Token", "content_type": 44, "codename": "change_tokenproxy"}}, {"model": "auth.permission", "pk": 175, "fields": {"name": "Can delete Token", "content_type": 44, "codename": "delete_tokenproxy"}}, {"model": "auth.permission", "pk": 176, "fields": {"name": "Can view Token", "content_type": 44, "codename": "view_tokenproxy"}}, {"model": "auth.permission", "pk": 177, "fields": {"name": "Can add email address", "content_type": 45, "codename": "add_emailaddress"}}, {"model": "auth.permission", "pk": 178, "fields": {"name": "Can change email address", "content_type": 45, "codename": "change_emailaddress"}}, {"model": "auth.permission", "pk": 179, "fields": {"name": "Can delete email address", "content_type": 45, "codename": "delete_emailaddress"}}, {"model": "auth.permission", "pk": 180, "fields": {"name": "Can view email address", "content_type": 45, "codename": "view_emailaddress"}}, {"model": "auth.permission", "pk": 181, "fields": {"name": "Can add email confirmation", "content_type": 46, "codename": "add_emailconfirmation"}}, {"model": "auth.permission", "pk": 182, "fields": {"name": "Can change email confirmation", "content_type": 46, "codename": "change_emailconfirmation"}}, {"model": "auth.permission", "pk": 183, "fields": {"name": "Can delete email confirmation", "content_type": 46, "codename": "delete_emailconfirmation"}}, {"model": "auth.permission", "pk": 184, "fields": {"name": "Can view email confirmation", "content_type": 46, "codename": "view_emailconfirmation"}}, {"model": "auth.permission", "pk": 185, "fields": {"name": "Can add social account", "content_type": 47, "codename": "add_socialaccount"}}, {"model": "auth.permission", "pk": 186, "fields": {"name": "Can change social account", "content_type": 47, "codename": "change_socialaccount"}}, {"model": "auth.permission", "pk": 187, "fields": {"name": "Can delete social account", "content_type": 47, "codename": "delete_socialaccount"}}, {"model": "auth.permission", "pk": 188, "fields": {"name": "Can view social account", "content_type": 47, "codename": "view_socialaccount"}}, {"model": "auth.permission", "pk": 189, "fields": {"name": "Can add social application", "content_type": 48, "codename": "add_socialapp"}}, {"model": "auth.permission", "pk": 190, "fields": {"name": "Can change social application", "content_type": 48, "codename": "change_socialapp"}}, {"model": "auth.permission", "pk": 191, "fields": {"name": "Can delete social application", "content_type": 48, "codename": "delete_socialapp"}}, {"model": "auth.permission", "pk": 192, "fields": {"name": "Can view social application", "content_type": 48, "codename": "view_socialapp"}}, {"model": "auth.permission", "pk": 193, "fields": {"name": "Can add social application token", "content_type": 49, "codename": "add_socialtoken"}}, {"model": "auth.permission", "pk": 194, "fields": {"name": "Can change social application token", "content_type": 49, "codename": "change_socialtoken"}}, {"model": "auth.permission", "pk": 195, "fields": {"name": "Can delete social application token", "content_type": 49, "codename": "delete_socialtoken"}}, {"model": "auth.permission", "pk": 196, "fields": {"name": "Can view social application token", "content_type": 49, "codename": "view_socialtoken"}}, {"model": "auth.permission", "pk": 197, "fields": {"name": "Can add site", "content_type": 50, "codename": "add_site"}}, {"model": "auth.permission", "pk": 198, "fields": {"name": "Can change site", "content_type": 50, "codename": "change_site"}}, {"model": "auth.permission", "pk": 199, "fields": {"name": "Can delete site", "content_type": 50, "codename": "delete_site"}}, {"model": "auth.permission", "pk": 200, "fields": {"name": "Can view site", "content_type": 50, "codename": "view_site"}}, {"model": "auth.permission", "pk": 201, "fields": {"name": "Can add task result", "content_type": 51, "codename": "add_taskresult"}}, {"model": "auth.permission", "pk": 202, "fields": {"name": "Can change task result", "content_type": 51, "codename": "change_taskresult"}}, {"model": "auth.permission", "pk": 203, "fields": {"name": "Can delete task result", "content_type": 51, "codename": "delete_taskresult"}}, {"model": "auth.permission", "pk": 204, "fields": {"name": "Can view task result", "content_type": 51, "codename": "view_taskresult"}}, {"model": "auth.permission", "pk": 205, "fields": {"name": "Can add chord counter", "content_type": 52, "codename": "add_chordcounter"}}, {"model": "auth.permission", "pk": 206, "fields": {"name": "Can change chord counter", "content_type": 52, "codename": "change_chordcounter"}}, {"model": "auth.permission", "pk": 207, "fields": {"name": "Can delete chord counter", "content_type": 52, "codename": "delete_chordcounter"}}, {"model": "auth.permission", "pk": 208, "fields": {"name": "Can view chord counter", "content_type": 52, "codename": "view_chordcounter"}}, {"model": "auth.permission", "pk": 209, "fields": {"name": "Can add group result", "content_type": 53, "codename": "add_groupresult"}}, {"model": "auth.permission", "pk": 210, "fields": {"name": "Can change group result", "content_type": 53, "codename": "change_groupresult"}}, {"model": "auth.permission", "pk": 211, "fields": {"name": "Can delete group result", "content_type": 53, "codename": "delete_groupresult"}}, {"model": "auth.permission", "pk": 212, "fields": {"name": "Can view group result", "content_type": 53, "codename": "view_groupresult"}}, {"model": "auth.permission", "pk": 213, "fields": {"name": "Can add temporary upload", "content_type": 54, "codename": "add_temporaryupload"}}, {"model": "auth.permission", "pk": 214, "fields": {"name": "Can change temporary upload", "content_type": 54, "codename": "change_temporaryupload"}}, {"model": "auth.permission", "pk": 215, "fields": {"name": "Can delete temporary upload", "content_type": 54, "codename": "delete_temporaryupload"}}, {"model": "auth.permission", "pk": 216, "fields": {"name": "Can view temporary upload", "content_type": 54, "codename": "view_temporaryupload"}}, {"model": "auth.permission", "pk": 217, "fields": {"name": "Can add stored upload", "content_type": 55, "codename": "add_storedupload"}}, {"model": "auth.permission", "pk": 218, "fields": {"name": "Can change stored upload", "content_type": 55, "codename": "change_storedupload"}}, {"model": "auth.permission", "pk": 219, "fields": {"name": "Can delete stored upload", "content_type": 55, "codename": "delete_storedupload"}}, {"model": "auth.permission", "pk": 220, "fields": {"name": "Can view stored upload", "content_type": 55, "codename": "view_storedupload"}}, {"model": "auth.permission", "pk": 221, "fields": {"name": "Can add temporary upload chunked", "content_type": 56, "codename": "add_temporaryuploadchunked"}}, {"model": "auth.permission", "pk": 222, "fields": {"name": "Can change temporary upload chunked", "content_type": 56, "codename": "change_temporaryuploadchunked"}}, {"model": "auth.permission", "pk": 223, "fields": {"name": "Can delete temporary upload chunked", "content_type": 56, "codename": "delete_temporaryuploadchunked"}}, {"model": "auth.permission", "pk": 224, "fields": {"name": "Can view temporary upload chunked", "content_type": 56, "codename": "view_temporaryuploadchunked"}}, {"model": "auth.permission", "pk": 225, "fields": {"name": "Can add perspective group", "content_type": 57, "codename": "add_perspectivegroup"}}, {"model": "auth.permission", "pk": 226, "fields": {"name": "Can change perspective group", "content_type": 57, "codename": "change_perspectivegroup"}}, {"model": "auth.permission", "pk": 227, "fields": {"name": "Can delete perspective group", "content_type": 57, "codename": "delete_perspectivegroup"}}, {"model": "auth.permission", "pk": 228, "fields": {"name": "Can view perspective group", "content_type": 57, "codename": "view_perspectivegroup"}}, {"model": "auth.permission", "pk": 229, "fields": {"name": "Can add perspective", "content_type": 58, "codename": "add_perspective"}}, {"model": "auth.permission", "pk": 230, "fields": {"name": "Can change perspective", "content_type": 58, "codename": "change_perspective"}}, {"model": "auth.permission", "pk": 231, "fields": {"name": "Can delete perspective", "content_type": 58, "codename": "delete_perspective"}}, {"model": "auth.permission", "pk": 232, "fields": {"name": "Can view perspective", "content_type": 58, "codename": "view_perspective"}}, {"model": "auth.permission", "pk": 233, "fields": {"name": "Can add perspective answer", "content_type": 59, "codename": "add_perspectiveanswer"}}, {"model": "auth.permission", "pk": 234, "fields": {"name": "Can change perspective answer", "content_type": 59, "codename": "change_perspectiveanswer"}}, {"model": "auth.permission", "pk": 235, "fields": {"name": "Can delete perspective answer", "content_type": 59, "codename": "delete_perspectiveanswer"}}, {"model": "auth.permission", "pk": 236, "fields": {"name": "Can view perspective answer", "content_type": 59, "codename": "view_perspectiveanswer"}}, {"model": "auth.permission", "pk": 237, "fields": {"name": "Can add to submit questions", "content_type": 60, "codename": "add_tosubmitquestions"}}, {"model": "auth.permission", "pk": 238, "fields": {"name": "Can change to submit questions", "content_type": 60, "codename": "change_tosubmitquestions"}}, {"model": "auth.permission", "pk": 239, "fields": {"name": "Can delete to submit questions", "content_type": 60, "codename": "delete_tosubmitquestions"}}, {"model": "auth.permission", "pk": 240, "fields": {"name": "Can view to submit questions", "content_type": 60, "codename": "view_tosubmitquestions"}}, {"model": "auth.permission", "pk": 241, "fields": {"name": "Can add voting session", "content_type": 61, "codename": "add_votingsession"}}, {"model": "auth.permission", "pk": 242, "fields": {"name": "Can change voting session", "content_type": 61, "codename": "change_votingsession"}}, {"model": "auth.permission", "pk": 243, "fields": {"name": "Can delete voting session", "content_type": 61, "codename": "delete_votingsession"}}, {"model": "auth.permission", "pk": 244, "fields": {"name": "Can view voting session", "content_type": 61, "codename": "view_votingsession"}}, {"model": "auth.permission", "pk": 245, "fields": {"name": "Can add voting session answer", "content_type": 62, "codename": "add_votingsessionanswer"}}, {"model": "auth.permission", "pk": 246, "fields": {"name": "Can change voting session answer", "content_type": 62, "codename": "change_votingsessionanswer"}}, {"model": "auth.permission", "pk": 247, "fields": {"name": "Can delete voting session answer", "content_type": 62, "codename": "delete_votingsessionanswer"}}, {"model": "auth.permission", "pk": 248, "fields": {"name": "Can view voting session answer", "content_type": 62, "codename": "view_votingsessionanswer"}}, {"model": "auth.permission", "pk": 249, "fields": {"name": "Can add user activity", "content_type": 63, "codename": "add_useractivity"}}, {"model": "auth.permission", "pk": 250, "fields": {"name": "Can change user activity", "content_type": 63, "codename": "change_useractivity"}}, {"model": "auth.permission", "pk": 251, "fields": {"name": "Can delete user activity", "content_type": 63, "codename": "delete_useractivity"}}, {"model": "auth.permission", "pk": 252, "fields": {"name": "Can view user activity", "content_type": 63, "codename": "view_useractivity"}}, {"model": "auth.user", "pk": 1, "fields": {"password": "pbkdf2_sha256$600000$UbP1S8nFRJikpUGIjpQyAc$E08X06FfkmuIY6ti2VwTmx+yWXGqXAe0/N6clHRK8vc=", "last_login": "2025-06-12T11:56:21.644Z", "is_superuser": true, "username": "admin", "first_name": "", "last_name": "", "email": "admin@example.com", "is_staff": true, "is_active": true, "date_joined": "2025-05-30T01:17:39.332Z", "groups": [], "user_permissions": []}}, {"model": "auth.user", "pk": 3, "fields": {"password": "pbkdf2_sha256$600000$9jy1tEgbATG1TvvLJVUzTm$NoDyqVzNqyyGVPeZO72D++ENyHt4VBmv0rduDz8nj/w=", "last_login": null, "is_superuser": true, "username": "girafa", "first_name": "", "last_name": "", "email": "", "is_staff": true, "is_active": true, "date_joined": "2025-06-10T14:55:37Z", "groups": [], "user_permissions": []}}, {"model": "auth.user", "pk": 4, "fields": {"password": "pbkdf2_sha256$600000$ezguPMk4W3QyTQXggZSaQD$1yLeYnPIrCCvrJ1l0FU8MTMp8FmT31H7v/S5S/ag/+s=", "last_login": "2025-06-11T21:32:26.547Z", "is_superuser": true, "username": "maria", "first_name": "", "last_name": "", "email": "", "is_staff": true, "is_active": true, "date_joined": "2025-06-10T15:30:04Z", "groups": [], "user_permissions": []}}, {"model": "contenttypes.contenttype", "pk": 1, "fields": {"app_label": "admin", "model": "logentry"}}, {"model": "contenttypes.contenttype", "pk": 2, "fields": {"app_label": "auth", "model": "permission"}}, {"model": "contenttypes.contenttype", "pk": 3, "fields": {"app_label": "auth", "model": "group"}}, {"model": "contenttypes.contenttype", "pk": 4, "fields": {"app_label": "auth", "model": "user"}}, {"model": "contenttypes.contenttype", "pk": 5, "fields": {"app_label": "contenttypes", "model": "contenttype"}}, {"model": "contenttypes.contenttype", "pk": 6, "fields": {"app_label": "sessions", "model": "session"}}, {"model": "contenttypes.contenttype", "pk": 7, "fields": {"app_label": "roles", "model": "role"}}, {"model": "contenttypes.contenttype", "pk": 8, "fields": {"app_label": "projects", "model": "member"}}, {"model": "contenttypes.contenttype", "pk": 9, "fields": {"app_label": "projects", "model": "project"}}, {"model": "contenttypes.contenttype", "pk": 10, "fields": {"app_label": "projects", "model": "imageclassificationproject"}}, {"model": "contenttypes.contenttype", "pk": 11, "fields": {"app_label": "projects", "model": "intentdetectionandslotfillingproject"}}, {"model": "contenttypes.contenttype", "pk": 12, "fields": {"app_label": "projects", "model": "seq2seqproject"}}, {"model": "contenttypes.contenttype", "pk": 13, "fields": {"app_label": "projects", "model": "sequencelabelingproject"}}, {"model": "contenttypes.contenttype", "pk": 14, "fields": {"app_label": "projects", "model": "speech2textproject"}}, {"model": "contenttypes.contenttype", "pk": 15, "fields": {"app_label": "projects", "model": "textclassificationproject"}}, {"model": "contenttypes.contenttype", "pk": 16, "fields": {"app_label": "projects", "model": "tag"}}, {"model": "contenttypes.contenttype", "pk": 17, "fields": {"app_label": "projects", "model": "boundingboxproject"}}, {"model": "contenttypes.contenttype", "pk": 18, "fields": {"app_label": "projects", "model": "segmentationproject"}}, {"model": "contenttypes.contenttype", "pk": 19, "fields": {"app_label": "projects", "model": "imagecaptioningproject"}}, {"model": "contenttypes.contenttype", "pk": 20, "fields": {"app_label": "data_import", "model": "dummylabeltype"}}, {"model": "contenttypes.contenttype", "pk": 21, "fields": {"app_label": "data_export", "model": "exportedcategory"}}, {"model": "contenttypes.contenttype", "pk": 22, "fields": {"app_label": "data_export", "model": "exportedexample"}}, {"model": "contenttypes.contenttype", "pk": 23, "fields": {"app_label": "data_export", "model": "exportedrelation"}}, {"model": "contenttypes.contenttype", "pk": 24, "fields": {"app_label": "data_export", "model": "exportedspan"}}, {"model": "contenttypes.contenttype", "pk": 25, "fields": {"app_label": "data_export", "model": "exportedtext"}}, {"model": "contenttypes.contenttype", "pk": 26, "fields": {"app_label": "data_export", "model": "exportedboundingbox"}}, {"model": "contenttypes.contenttype", "pk": 27, "fields": {"app_label": "data_export", "model": "exportedsegmentation"}}, {"model": "contenttypes.contenttype", "pk": 28, "fields": {"app_label": "data_export", "model": "exportedcomment"}}, {"model": "contenttypes.contenttype", "pk": 29, "fields": {"app_label": "auto_labeling", "model": "autolabelingconfig"}}, {"model": "contenttypes.contenttype", "pk": 30, "fields": {"app_label": "labels", "model": "span"}}, {"model": "contenttypes.contenttype", "pk": 31, "fields": {"app_label": "labels", "model": "category"}}, {"model": "contenttypes.contenttype", "pk": 32, "fields": {"app_label": "labels", "model": "textlabel"}}, {"model": "contenttypes.contenttype", "pk": 33, "fields": {"app_label": "labels", "model": "relation"}}, {"model": "contenttypes.contenttype", "pk": 34, "fields": {"app_label": "labels", "model": "boundingbox"}}, {"model": "contenttypes.contenttype", "pk": 35, "fields": {"app_label": "labels", "model": "segmentation"}}, {"model": "contenttypes.contenttype", "pk": 36, "fields": {"app_label": "label_types", "model": "spantype"}}, {"model": "contenttypes.contenttype", "pk": 37, "fields": {"app_label": "label_types", "model": "categorytype"}}, {"model": "contenttypes.contenttype", "pk": 38, "fields": {"app_label": "label_types", "model": "relationtype"}}, {"model": "contenttypes.contenttype", "pk": 39, "fields": {"app_label": "examples", "model": "example"}}, {"model": "contenttypes.contenttype", "pk": 40, "fields": {"app_label": "examples", "model": "comment"}}, {"model": "contenttypes.contenttype", "pk": 41, "fields": {"app_label": "examples", "model": "examplestate"}}, {"model": "contenttypes.contenttype", "pk": 42, "fields": {"app_label": "examples", "model": "assignment"}}, {"model": "contenttypes.contenttype", "pk": 43, "fields": {"app_label": "authtoken", "model": "token"}}, {"model": "contenttypes.contenttype", "pk": 44, "fields": {"app_label": "authtoken", "model": "tokenproxy"}}, {"model": "contenttypes.contenttype", "pk": 45, "fields": {"app_label": "account", "model": "emailaddress"}}, {"model": "contenttypes.contenttype", "pk": 46, "fields": {"app_label": "account", "model": "emailconfirmation"}}, {"model": "contenttypes.contenttype", "pk": 47, "fields": {"app_label": "socialaccount", "model": "socialaccount"}}, {"model": "contenttypes.contenttype", "pk": 48, "fields": {"app_label": "socialaccount", "model": "socialapp"}}, {"model": "contenttypes.contenttype", "pk": 49, "fields": {"app_label": "socialaccount", "model": "socialtoken"}}, {"model": "contenttypes.contenttype", "pk": 50, "fields": {"app_label": "sites", "model": "site"}}, {"model": "contenttypes.contenttype", "pk": 51, "fields": {"app_label": "django_celery_results", "model": "taskresult"}}, {"model": "contenttypes.contenttype", "pk": 52, "fields": {"app_label": "django_celery_results", "model": "chordcounter"}}, {"model": "contenttypes.contenttype", "pk": 53, "fields": {"app_label": "django_celery_results", "model": "groupresult"}}, {"model": "contenttypes.contenttype", "pk": 54, "fields": {"app_label": "django_drf_filepond", "model": "temporaryupload"}}, {"model": "contenttypes.contenttype", "pk": 55, "fields": {"app_label": "django_drf_filepond", "model": "storedupload"}}, {"model": "contenttypes.contenttype", "pk": 56, "fields": {"app_label": "django_drf_filepond", "model": "temporaryuploadchunked"}}, {"model": "contenttypes.contenttype", "pk": 57, "fields": {"app_label": "projects", "model": "perspectivegroup"}}, {"model": "contenttypes.contenttype", "pk": 58, "fields": {"app_label": "projects", "model": "perspective"}}, {"model": "contenttypes.contenttype", "pk": 59, "fields": {"app_label": "projects", "model": "perspectiveanswer"}}, {"model": "contenttypes.contenttype", "pk": 60, "fields": {"app_label": "projects", "model": "tosubmitquestions"}}, {"model": "contenttypes.contenttype", "pk": 61, "fields": {"app_label": "projects", "model": "votingsession"}}, {"model": "contenttypes.contenttype", "pk": 62, "fields": {"app_label": "projects", "model": "votingsessionanswer"}}, {"model": "contenttypes.contenttype", "pk": 63, "fields": {"app_label": "projects", "model": "useractivity"}}, {"model": "sessions.session", "pk": "vgn7wvpfrgs264lq1fwonhsi5wqmmy6d", "fields": {"session_data": ".eJxVjEEOwiAQRe_C2hBgKBSX7j0DmYFBqoYmpV0Z765NutDtf-_9l4i4rTVunZc4ZXEWWpx-N8L04LaDfMd2m2Wa27pMJHdFHrTL65z5eTncv4OKvX5rUwphcc4TGAjIxQ8ECkKG4sECAupEQQPb0Xmts0pkBipj8s4qG1i8P-5BN88:1uPgXd:4hZvvUULnAI2xqgft1cdNjvLJ1A2fvJ7Q4W0Vf4uny0", "expire_date": "2025-06-26T11:56:21.655Z"}}, {"model": "roles.role", "pk": 1, "fields": {"name": "project_admin", "description": "", "created_at": "2025-05-30T01:17:32.592Z", "updated_at": "2025-05-30T01:17:32.592Z"}}, {"model": "roles.role", "pk": 2, "fields": {"name": "annotator", "description": "", "created_at": "2025-05-30T01:17:32.595Z", "updated_at": "2025-05-30T01:17:32.595Z"}}, {"model": "roles.role", "pk": 3, "fields": {"name": "annotation_approver", "description": "", "created_at": "2025-05-30T01:17:32.597Z", "updated_at": "2025-05-30T01:17:32.597Z"}}, {"model": "projects.project", "pk": 1, "fields": {"polymorphic_ctype": 15, "name": "atoa", "description": "atoa", "guideline": "", "created_at": "2025-05-30T01:44:30.441Z", "updated_at": "2025-05-30T01:44:30.441Z", "created_by": 1, "project_type": "DocumentClassification", "random_order": false, "collaborative_annotation": false, "single_class_classification": false, "allow_member_to_create_label_type": false}}, {"model": "projects.project", "pk": 5, "fields": {"polymorphic_ctype": 15, "name": "ol", "description": "a", "guideline": "", "created_at": "2025-06-08T16:40:51.474Z", "updated_at": "2025-06-08T16:40:51.474Z", "created_by": 1, "project_type": "DocumentClassification", "random_order": false, "collaborative_annotation": false, "single_class_classification": false, "allow_member_to_create_label_type": false}}, {"model": "projects.project", "pk": 6, "fields": {"polymorphic_ctype": 15, "name": "j", "description": "o", "guideline": "", "created_at": "2025-06-08T16:43:44.465Z", "updated_at": "2025-06-08T16:43:44.465Z", "created_by": 1, "project_type": "DocumentClassification", "random_order": false, "collaborative_annotation": false, "single_class_classification": false, "allow_member_to_create_label_type": false}}, {"model": "projects.project", "pk": 7, "fields": {"polymorphic_ctype": 15, "name": "ew", "description": "3", "guideline": "", "created_at": "2025-06-08T17:04:53.563Z", "updated_at": "2025-06-08T17:04:53.563Z", "created_by": 1, "project_type": "DocumentClassification", "random_order": false, "collaborative_annotation": false, "single_class_classification": false, "allow_member_to_create_label_type": false}}, {"model": "projects.project", "pk": 12, "fields": {"polymorphic_ctype": 15, "name": "oa", "description": "d", "guideline": "", "created_at": "2025-06-09T19:07:14.760Z", "updated_at": "2025-06-09T19:07:14.760Z", "created_by": 1, "project_type": "DocumentClassification", "random_order": false, "collaborative_annotation": false, "single_class_classification": false, "allow_member_to_create_label_type": false}}, {"model": "projects.project", "pk": 13, "fields": {"polymorphic_ctype": 10, "name": "wq", "description": "we", "guideline": "", "created_at": "2025-06-09T19:09:49.940Z", "updated_at": "2025-06-09T19:09:49.940Z", "created_by": 1, "project_type": "ImageClassification", "random_order": false, "collaborative_annotation": false, "single_class_classification": false, "allow_member_to_create_label_type": false}}, {"model": "projects.project", "pk": 14, "fields": {"polymorphic_ctype": 10, "name": "w", "description": "dwq", "guideline": "", "created_at": "2025-06-09T19:18:29.457Z", "updated_at": "2025-06-09T19:18:29.457Z", "created_by": 1, "project_type": "ImageClassification", "random_order": false, "collaborative_annotation": false, "single_class_classification": false, "allow_member_to_create_label_type": false}}, {"model": "projects.project", "pk": 15, "fields": {"polymorphic_ctype": 15, "name": "teste", "description": "dsknv", "guideline": "", "created_at": "2025-06-10T14:11:47.749Z", "updated_at": "2025-06-10T14:11:47.749Z", "created_by": 1, "project_type": "DocumentClassification", "random_order": false, "collaborative_annotation": false, "single_class_classification": false, "allow_member_to_create_label_type": false}}, {"model": "projects.project", "pk": 16, "fields": {"polymorphic_ctype": 15, "name": "ola", "description": "kdw", "guideline": "", "created_at": "2025-06-10T14:31:49.775Z", "updated_at": "2025-06-10T14:31:49.775Z", "created_by": 1, "project_type": "DocumentClassification", "random_order": false, "collaborative_annotation": false, "single_class_classification": false, "allow_member_to_create_label_type": false}}, {"model": "projects.project", "pk": 17, "fields": {"polymorphic_ctype": 15, "name": "ew", "description": "3", "guideline": "", "created_at": "2025-06-11T14:02:04.661Z", "updated_at": "2025-06-11T14:02:04.661Z", "created_by": 1, "project_type": "DocumentClassification", "random_order": false, "collaborative_annotation": false, "single_class_classification": false, "allow_member_to_create_label_type": false}}, {"model": "projects.textclassificationproject", "pk": 1, "fields": {}}, {"model": "projects.textclassificationproject", "pk": 5, "fields": {}}, {"model": "projects.textclassificationproject", "pk": 6, "fields": {}}, {"model": "projects.textclassificationproject", "pk": 7, "fields": {}}, {"model": "projects.textclassificationproject", "pk": 12, "fields": {}}, {"model": "projects.textclassificationproject", "pk": 15, "fields": {}}, {"model": "projects.textclassificationproject", "pk": 16, "fields": {}}, {"model": "projects.textclassificationproject", "pk": 17, "fields": {}}, {"model": "projects.imageclassificationproject", "pk": 13, "fields": {}}, {"model": "projects.imageclassificationproject", "pk": 14, "fields": {}}, {"model": "projects.tag", "pk": 1, "fields": {"text": "atoa", "project": 1}}, {"model": "projects.tag", "pk": 2, "fields": {"text": "teste", "project": 1}}, {"model": "projects.member", "pk": 1, "fields": {"user": 1, "project": 1, "role": 1, "created_at": "2025-05-30T01:44:30.454Z", "updated_at": "2025-05-30T01:44:30.454Z"}}, {"model": "projects.member", "pk": 6, "fields": {"user": 1, "project": 5, "role": 1, "created_at": "2025-06-08T16:40:51.482Z", "updated_at": "2025-06-08T16:40:51.482Z"}}, {"model": "projects.member", "pk": 7, "fields": {"user": 1, "project": 6, "role": 1, "created_at": "2025-06-08T16:43:44.472Z", "updated_at": "2025-06-08T16:43:44.472Z"}}, {"model": "projects.member", "pk": 8, "fields": {"user": 1, "project": 7, "role": 1, "created_at": "2025-06-08T17:04:53.569Z", "updated_at": "2025-06-08T17:04:53.569Z"}}, {"model": "projects.member", "pk": 13, "fields": {"user": 1, "project": 12, "role": 1, "created_at": "2025-06-09T19:07:14.766Z", "updated_at": "2025-06-09T19:07:14.766Z"}}, {"model": "projects.member", "pk": 14, "fields": {"user": 1, "project": 13, "role": 1, "created_at": "2025-06-09T19:09:49.945Z", "updated_at": "2025-06-09T19:09:49.945Z"}}, {"model": "projects.member", "pk": 15, "fields": {"user": 1, "project": 14, "role": 1, "created_at": "2025-06-09T19:18:29.462Z", "updated_at": "2025-06-09T19:18:29.462Z"}}, {"model": "projects.member", "pk": 16, "fields": {"user": 1, "project": 15, "role": 1, "created_at": "2025-06-10T14:11:47.756Z", "updated_at": "2025-06-10T14:11:47.756Z"}}, {"model": "projects.member", "pk": 17, "fields": {"user": 1, "project": 16, "role": 1, "created_at": "2025-06-10T14:31:49.782Z", "updated_at": "2025-06-10T14:31:49.782Z"}}, {"model": "projects.member", "pk": 18, "fields": {"user": 3, "project": 16, "role": 2, "created_at": "2025-06-10T15:28:15.286Z", "updated_at": "2025-06-10T15:28:15.286Z"}}, {"model": "projects.member", "pk": 19, "fields": {"user": 3, "project": 1, "role": 2, "created_at": "2025-06-10T15:28:44.771Z", "updated_at": "2025-06-10T15:28:44.771Z"}}, {"model": "projects.member", "pk": 20, "fields": {"user": 4, "project": 1, "role": 2, "created_at": "2025-06-10T15:30:25.861Z", "updated_at": "2025-06-10T15:30:25.861Z"}}, {"model": "projects.member", "pk": 21, "fields": {"user": 4, "project": 7, "role": 2, "created_at": "2025-06-10T15:48:46.459Z", "updated_at": "2025-06-10T15:48:46.459Z"}}, {"model": "projects.member", "pk": 22, "fields": {"user": 4, "project": 15, "role": 2, "created_at": "2025-06-10T22:45:02.901Z", "updated_at": "2025-06-10T22:45:02.901Z"}}, {"model": "projects.member", "pk": 23, "fields": {"user": 4, "project": 6, "role": 2, "created_at": "2025-06-10T22:47:30.386Z", "updated_at": "2025-06-10T22:47:30.386Z"}}, {"model": "projects.member", "pk": 24, "fields": {"user": 1, "project": 17, "role": 1, "created_at": "2025-06-11T14:02:04.670Z", "updated_at": "2025-06-11T14:02:04.670Z"}}, {"model": "projects.member", "pk": 25, "fields": {"user": 4, "project": 17, "role": 2, "created_at": "2025-06-11T14:02:04.670Z", "updated_at": "2025-06-11T14:02:04.670Z"}}, {"model": "projects.member", "pk": 26, "fields": {"user": 3, "project": 17, "role": 2, "created_at": "2025-06-11T14:10:04.703Z", "updated_at": "2025-06-11T14:10:04.703Z"}}, {"model": "projects.member", "pk": 27, "fields": {"user": 4, "project": 16, "role": 2, "created_at": "2025-06-11T21:31:04.712Z", "updated_at": "2025-06-11T21:31:04.712Z"}}, {"model": "projects.perspectivegroup", "pk": 1, "fields": {"project": 1, "name": "olA", "description": "JENW", "created_at": "2025-06-08T15:49:04.120Z"}}, {"model": "projects.perspectivegroup", "pk": 5, "fields": {"project": 5, "name": "ol", "description": "hpi", "created_at": "2025-06-08T16:41:11.050Z"}}, {"model": "projects.perspectivegroup", "pk": 6, "fields": {"project": 6, "name": "v", "description": "hj", "created_at": "2025-06-08T16:43:51.460Z"}}, {"model": "projects.perspectivegroup", "pk": 7, "fields": {"project": 7, "name": "ol", "description": "", "created_at": "2025-06-08T17:04:59.748Z"}}, {"model": "projects.perspectivegroup", "pk": 12, "fields": {"project": 12, "name": "qfd", "description": "qwd", "created_at": "2025-06-09T19:07:30.463Z"}}, {"model": "projects.perspectivegroup", "pk": 13, "fields": {"project": 13, "name": "wef", "description": "few", "created_at": "2025-06-09T19:10:06.934Z"}}, {"model": "projects.perspectivegroup", "pk": 14, "fields": {"project": 14, "name": "dw", "description": "dwq", "created_at": "2025-06-09T19:18:48.728Z"}}, {"model": "projects.perspectivegroup", "pk": 15, "fields": {"project": 15, "name": "ola", "description": "ewhd", "created_at": "2025-06-10T14:19:11.096Z"}}, {"model": "projects.perspectivegroup", "pk": 16, "fields": {"project": 16, "name": "tentar", "description": "jf", "created_at": "2025-06-10T14:32:08.868Z"}}, {"model": "projects.perspectivegroup", "pk": 17, "fields": {"project": 17, "name": "Projeto LES", "description": "teste", "created_at": "2025-06-11T14:45:01.053Z"}}, {"model": "projects.perspective", "pk": 11, "fields": {"project": 12, "group": 12, "name": "qfd", "question": "Pergunta sobre 'qfd'", "data_type": "string", "options": []}}, {"model": "projects.perspective", "pk": 12, "fields": {"project": 12, "group": 12, "name": "wqf", "question": "wqf", "data_type": "boolean", "options": []}}, {"model": "projects.perspective", "pk": 13, "fields": {"project": 12, "group": 12, "name": "wefwfe", "question": "wefwfe", "data_type": "string", "options": []}}, {"model": "projects.perspective", "pk": 14, "fields": {"project": 13, "group": 13, "name": "wef", "question": "Pergunta sobre 'wef'", "data_type": "string", "options": []}}, {"model": "projects.perspective", "pk": 15, "fields": {"project": 13, "group": 13, "name": "wfe", "question": "wfe", "data_type": "boolean", "options": []}}, {"model": "projects.perspective", "pk": 16, "fields": {"project": 13, "group": 13, "name": "wef", "question": "wef", "data_type": "string", "options": []}}, {"model": "projects.perspective", "pk": 17, "fields": {"project": 14, "group": 14, "name": "dw", "question": "Pergunta sobre 'dw'", "data_type": "string", "options": []}}, {"model": "projects.perspective", "pk": 18, "fields": {"project": 14, "group": 14, "name": "dw", "question": "dw", "data_type": "boolean", "options": []}}, {"model": "projects.perspective", "pk": 19, "fields": {"project": 14, "group": 14, "name": "wq", "question": "wq", "data_type": "string", "options": []}}, {"model": "projects.perspective", "pk": 20, "fields": {"project": 14, "group": 14, "name": "d", "question": "d", "data_type": "string", "options": []}}, {"model": "projects.perspective", "pk": 21, "fields": {"project": 14, "group": 14, "name": "ok", "question": "ok", "data_type": "string", "options": ["oip"]}}, {"model": "projects.perspective", "pk": 34, "fields": {"project": 16, "group": 16, "name": "knfe", "question": "knfe", "data_type": "string", "options": ["1", "2"]}}, {"model": "projects.perspective", "pk": 36, "fields": {"project": 16, "group": 16, "name": "jnfw", "question": "jnfw", "data_type": "string", "options": ["1", "2"]}}, {"model": "projects.perspective", "pk": 37, "fields": {"project": 16, "group": 16, "name": "wef", "question": "wef", "data_type": "int", "options": ["92", "16"]}}, {"model": "projects.perspective", "pk": 38, "fields": {"project": 1, "group": 1, "name": "ewvr", "question": "ewvr", "data_type": "string", "options": ["1", "2"]}}, {"model": "projects.perspective", "pk": 39, "fields": {"project": 5, "group": 5, "name": "43", "question": "43", "data_type": "boolean", "options": []}}, {"model": "projects.perspective", "pk": 42, "fields": {"project": 15, "group": 15, "name": "idade", "question": "idade", "data_type": "int", "options": ["15", "30"]}}, {"model": "projects.perspective", "pk": 43, "fields": {"project": 6, "group": 6, "name": "idade", "question": "idade", "data_type": "boolean", "options": []}}, {"model": "projects.perspective", "pk": 47, "fields": {"project": 17, "group": 17, "name": "Idade ", "question": "Idade ", "data_type": "int", "options": ["18-29", "30-48"]}}, {"model": "projects.perspective", "pk": 48, "fields": {"project": 7, "group": 7, "name": "wegf", "question": "wegf", "data_type": "string", "options": ["w", "vd"]}}, {"model": "projects.perspective", "pk": 49, "fields": {"project": 17, "group": 17, "name": "ge", "question": "ge", "data_type": "string", "options": ["a gf", "rwg"]}}, {"model": "projects.perspectiveanswer", "pk": 4, "fields": {"perspective": 15, "project": 13, "created_by": 1, "answer": "No"}}, {"model": "projects.perspectiveanswer", "pk": 9, "fields": {"perspective": 34, "project": 16, "created_by": 1, "answer": "2"}}, {"model": "projects.perspectiveanswer", "pk": 10, "fields": {"perspective": 36, "project": 16, "created_by": 1, "answer": "1"}}, {"model": "projects.perspectiveanswer", "pk": 11, "fields": {"perspective": 37, "project": 16, "created_by": 1, "answer": "16"}}, {"model": "projects.perspectiveanswer", "pk": 15, "fields": {"perspective": 38, "project": 1, "created_by": 1, "answer": "2"}}, {"model": "projects.perspectiveanswer", "pk": 16, "fields": {"perspective": 38, "project": 1, "created_by": 1, "answer": "2"}}, {"model": "projects.perspectiveanswer", "pk": 17, "fields": {"perspective": 38, "project": 1, "created_by": 1, "answer": "1"}}, {"model": "projects.perspectiveanswer", "pk": 18, "fields": {"perspective": 38, "project": 1, "created_by": 4, "answer": "2"}}, {"model": "projects.perspectiveanswer", "pk": 19, "fields": {"perspective": 43, "project": 6, "created_by": 1, "answer": "Yes"}}, {"model": "projects.perspectiveanswer", "pk": 20, "fields": {"perspective": 43, "project": 6, "created_by": 4, "answer": "Yes"}}, {"model": "projects.perspectiveanswer", "pk": 25, "fields": {"perspective": 47, "project": 17, "created_by": 1, "answer": "18-29"}}, {"model": "projects.perspectiveanswer", "pk": 26, "fields": {"perspective": 47, "project": 17, "created_by": 1, "answer": "30-48"}}, {"model": "projects.perspectiveanswer", "pk": 27, "fields": {"perspective": 34, "project": 16, "created_by": 1, "answer": "1"}}, {"model": "projects.perspectiveanswer", "pk": 28, "fields": {"perspective": 36, "project": 16, "created_by": 1, "answer": "2"}}, {"model": "projects.perspectiveanswer", "pk": 29, "fields": {"perspective": 37, "project": 16, "created_by": 1, "answer": "92"}}, {"model": "projects.perspectiveanswer", "pk": 30, "fields": {"perspective": 34, "project": 16, "created_by": 1, "answer": "2"}}, {"model": "projects.perspectiveanswer", "pk": 31, "fields": {"perspective": 36, "project": 16, "created_by": 1, "answer": "2"}}, {"model": "projects.perspectiveanswer", "pk": 32, "fields": {"perspective": 37, "project": 16, "created_by": 1, "answer": "16"}}, {"model": "projects.perspectiveanswer", "pk": 33, "fields": {"perspective": 47, "project": 17, "created_by": 4, "answer": "18-29"}}, {"model": "projects.perspectiveanswer", "pk": 34, "fields": {"perspective": 48, "project": 7, "created_by": 1, "answer": "w"}}, {"model": "projects.tosubmitquestions", "pk": 1, "fields": {"project": 1, "question": "ola", "created_at": "2025-05-31T16:40:57.008Z", "status": "toSubmit"}}, {"model": "projects.votingsession", "pk": 1, "fields": {"project": 17, "questions": ["QOPE"], "created_at": "2025-06-12T11:56:44.194Z", "vote_end_date": "2025-06-12T22:56:00Z", "finish": true}}, {"model": "labels.category", "pk": 1, "fields": {"uuid": "8d755d23-edac-4fa0-ab4d-24fc0b2e67a0", "prob": 0.0, "manual": false, "user": 1, "created_at": "2025-05-31T17:18:46.974Z", "updated_at": "2025-05-31T17:18:46.974Z", "example": 1, "label": 1}}, {"model": "labels.category", "pk": 2, "fields": {"uuid": "48677c88-17f7-43ca-902f-bcb623559510", "prob": 0.0, "manual": false, "user": 1, "created_at": "2025-06-10T14:53:02.492Z", "updated_at": "2025-06-10T14:53:02.492Z", "example": 2, "label": 3}}, {"model": "labels.category", "pk": 3, "fields": {"uuid": "934dcaf9-5bc2-43e2-bb64-8dd9d08b6c3d", "prob": 0.0, "manual": false, "user": 4, "created_at": "2025-06-10T15:31:06.479Z", "updated_at": "2025-06-10T15:31:06.479Z", "example": 1, "label": 2}}, {"model": "labels.category", "pk": 4, "fields": {"uuid": "585634d9-475b-4fa0-a5f1-e9c14c30dc03", "prob": 0.0, "manual": false, "user": 1, "created_at": "2025-06-10T15:49:23.567Z", "updated_at": "2025-06-10T15:49:23.568Z", "example": 3, "label": 6}}, {"model": "labels.category", "pk": 5, "fields": {"uuid": "ae77d557-5033-4fb2-95a7-3b05fb401fd0", "prob": 0.0, "manual": false, "user": 4, "created_at": "2025-06-10T15:49:48.196Z", "updated_at": "2025-06-10T15:49:48.196Z", "example": 3, "label": 6}}, {"model": "labels.category", "pk": 6, "fields": {"uuid": "aab8ebdb-091d-4c47-84c1-dae95509a3f8", "prob": 0.0, "manual": false, "user": 1, "created_at": "2025-06-10T16:01:20.154Z", "updated_at": "2025-06-10T16:01:20.154Z", "example": 4, "label": 5}}, {"model": "labels.category", "pk": 7, "fields": {"uuid": "ddf405be-e743-4096-9776-79de756f939a", "prob": 0.0, "manual": false, "user": 4, "created_at": "2025-06-10T16:02:00.075Z", "updated_at": "2025-06-10T16:02:00.075Z", "example": 4, "label": 6}}, {"model": "labels.category", "pk": 9, "fields": {"uuid": "43bac902-78d3-4afd-9afb-6f1ad34b0cee", "prob": 0.0, "manual": false, "user": 1, "created_at": "2025-06-10T22:47:59.067Z", "updated_at": "2025-06-10T22:47:59.067Z", "example": 6, "label": 9}}, {"model": "labels.category", "pk": 10, "fields": {"uuid": "507d15ee-5878-4dff-a37b-81211aae56c7", "prob": 0.0, "manual": false, "user": 4, "created_at": "2025-06-10T22:48:23.498Z", "updated_at": "2025-06-10T22:48:23.498Z", "example": 6, "label": 9}}, {"model": "labels.category", "pk": 11, "fields": {"uuid": "b14dc520-ddb6-47c3-b8a4-b1fc071b2850", "prob": 0.0, "manual": false, "user": 1, "created_at": "2025-06-10T23:10:03.653Z", "updated_at": "2025-06-10T23:10:03.653Z", "example": 7, "label": 9}}, {"model": "labels.category", "pk": 12, "fields": {"uuid": "bf7a9266-2f78-45d9-942c-559e2da14074", "prob": 0.0, "manual": false, "user": 4, "created_at": "2025-06-10T23:10:55.644Z", "updated_at": "2025-06-10T23:10:55.644Z", "example": 7, "label": 9}}, {"model": "labels.category", "pk": 13, "fields": {"uuid": "b28be0ce-380d-48e2-8442-0381265f9b73", "prob": 0.0, "manual": false, "user": 1, "created_at": "2025-06-10T23:11:21.909Z", "updated_at": "2025-06-10T23:11:21.909Z", "example": 6, "label": 10}}, {"model": "labels.category", "pk": 14, "fields": {"uuid": "05361eee-4244-445b-9d53-a1aaf20d63ab", "prob": 0.0, "manual": false, "user": 1, "created_at": "2025-06-11T14:10:16.619Z", "updated_at": "2025-06-11T14:10:16.619Z", "example": 8, "label": 11}}, {"model": "labels.category", "pk": 16, "fields": {"uuid": "7f5700d3-4865-49d3-81a6-332bf0fe2101", "prob": 0.0, "manual": false, "user": 1, "created_at": "2025-06-11T14:13:36.094Z", "updated_at": "2025-06-11T14:13:36.094Z", "example": 9, "label": 11}}, {"model": "labels.category", "pk": 19, "fields": {"uuid": "194a5755-122f-4180-94d0-31649d92d379", "prob": 0.0, "manual": false, "user": 1, "created_at": "2025-06-11T15:01:29.937Z", "updated_at": "2025-06-11T15:01:29.937Z", "example": 5, "label": 7}}, {"model": "labels.category", "pk": 20, "fields": {"uuid": "1aa1d682-7ceb-4a1b-a24d-382febade5cf", "prob": 0.0, "manual": false, "user": 1, "created_at": "2025-06-11T21:30:32.719Z", "updated_at": "2025-06-11T21:30:32.719Z", "example": 2, "label": 4}}, {"model": "labels.category", "pk": 21, "fields": {"uuid": "5f8b1e4f-3035-4fd6-930e-4a8c97c7b9e1", "prob": 0.0, "manual": false, "user": 4, "created_at": "2025-06-11T21:42:58.642Z", "updated_at": "2025-06-11T21:42:58.642Z", "example": 8, "label": 11}}, {"model": "labels.category", "pk": 22, "fields": {"uuid": "922b7c20-52b4-41bd-a008-145162d0a36e", "prob": 0.0, "manual": false, "user": 1, "created_at": "2025-06-11T22:46:26.407Z", "updated_at": "2025-06-11T22:46:26.407Z", "example": 3, "label": 5}}, {"model": "label_types.categorytype", "pk": 1, "fields": {"text": "good", "prefix_key": null, "suffix_key": null, "project": 1, "background_color": "#A4DD00", "text_color": "#ffffff", "created_at": "2025-05-31T17:18:10.800Z", "updated_at": "2025-05-31T17:18:10.800Z"}}, {"model": "label_types.categorytype", "pk": 2, "fields": {"text": "bad", "prefix_key": null, "suffix_key": null, "project": 1, "background_color": "#F44E3B", "text_color": "#ffffff", "created_at": "2025-05-31T17:18:21.974Z", "updated_at": "2025-05-31T17:18:21.974Z"}}, {"model": "label_types.categorytype", "pk": 3, "fields": {"text": "Positive", "prefix_key": null, "suffix_key": null, "project": 16, "background_color": "#A4DD00", "text_color": "#ffffff", "created_at": "2025-06-10T14:52:43.590Z", "updated_at": "2025-06-10T14:52:43.590Z"}}, {"model": "label_types.categorytype", "pk": 4, "fields": {"text": "Negative", "prefix_key": null, "suffix_key": null, "project": 16, "background_color": "#F44E3B", "text_color": "#ffffff", "created_at": "2025-06-10T14:52:55.402Z", "updated_at": "2025-06-10T14:52:55.402Z"}}, {"model": "label_types.categorytype", "pk": 5, "fields": {"text": "good", "prefix_key": null, "suffix_key": null, "project": 7, "background_color": "#A4DD00", "text_color": "#ffffff", "created_at": "2025-06-10T15:49:00.910Z", "updated_at": "2025-06-10T15:49:00.910Z"}}, {"model": "label_types.categorytype", "pk": 6, "fields": {"text": "negative", "prefix_key": null, "suffix_key": null, "project": 7, "background_color": "#D33115", "text_color": "#ffffff", "created_at": "2025-06-10T15:49:12.031Z", "updated_at": "2025-06-10T15:49:12.031Z"}}, {"model": "label_types.categorytype", "pk": 7, "fields": {"text": "positive", "prefix_key": null, "suffix_key": null, "project": 15, "background_color": "#A4DD00", "text_color": "#ffffff", "created_at": "2025-06-10T22:45:18.969Z", "updated_at": "2025-06-10T22:45:18.969Z"}}, {"model": "label_types.categorytype", "pk": 8, "fields": {"text": "negative", "prefix_key": null, "suffix_key": null, "project": 15, "background_color": "#D33115", "text_color": "#ffffff", "created_at": "2025-06-10T22:45:26.662Z", "updated_at": "2025-06-10T22:45:26.662Z"}}, {"model": "label_types.categorytype", "pk": 9, "fields": {"text": "good", "prefix_key": null, "suffix_key": null, "project": 6, "background_color": "#A4DD00", "text_color": "#ffffff", "created_at": "2025-06-10T22:47:45.447Z", "updated_at": "2025-06-10T22:47:45.447Z"}}, {"model": "label_types.categorytype", "pk": 10, "fields": {"text": "negative", "prefix_key": null, "suffix_key": null, "project": 6, "background_color": "#D33115", "text_color": "#ffffff", "created_at": "2025-06-10T22:47:53.440Z", "updated_at": "2025-06-10T22:47:53.440Z"}}, {"model": "label_types.categorytype", "pk": 11, "fields": {"text": "good", "prefix_key": null, "suffix_key": null, "project": 17, "background_color": "#A4DD00", "text_color": "#ffffff", "created_at": "2025-06-11T14:02:04.691Z", "updated_at": "2025-06-11T14:02:04.691Z"}}, {"model": "label_types.categorytype", "pk": 12, "fields": {"text": "negative", "prefix_key": null, "suffix_key": null, "project": 17, "background_color": "#D33115", "text_color": "#ffffff", "created_at": "2025-06-11T14:02:04.691Z", "updated_at": "2025-06-11T14:02:04.691Z"}}, {"model": "examples.example", "pk": 1, "fields": {"uuid": "10fac494-23c2-41aa-8dca-35cb1d0b9e27", "meta": {}, "filename": "XFcjUnXBJzMLbw9NDCUJJ4/DYXTVryPPXbwVHHr32h2pN", "upload_name": "tutorialUbuntu3.txt", "project": 1, "annotations_approved_by": null, "text": "Antes de fazer partio com linux tentei vm. VM  demasiado lento e no compensa.\nportanto, primeiro, fazer uma partio vazia atravs do windows. O meu grupo dedicou 100gb.\nDepois, podem ver um tutorial de como fazer dualboot. Vo precisar de uma pen com o .iso do ubuntu.\nNs usmos Ubuntu 24.04.2 LTS.\nInstalem tudo ubuntu-related na partiao, porque depois de LES podem s ir ao windows e jogar a partiao po lixo e fica tudo como devia estar.\n\n\nDepois de instalar, instalem logo o vscode:\n\nhttps://code.visualstudio.com/docs/setup/linux#_install-vs-code-on-linux\n\"download and install the .deb package (64-bit)\"<--\n\n\nInstalar github desktop:\nwget -qO - https://mirror.mwt.me/shiftkey-desktop/gpgkey | gpg --dearmor | sudo tee /usr/share/keyrings/mwt-desktop.gpg > /dev/null\n\nsudo sh -c 'echo \"deb [arch=amd64 signed-by=/usr/share/keyrings/mwt-desktop.gpg] https://mirror.mwt.me/shiftkey-desktop/deb/ any main\" > /etc/apt/sources.list.d/mwt-desktop.list'\n\nsudo apt update && sudo apt install github-desktop\n\n\nUm dos elementos do grupo deve criar um repo no github pq depois vao instalar o cdigo a partir desse, para q possam editar.\n\n\n\n\nBackend:\n\nsudo apt update\nsudo apt install git\nsudo apt install postgresql postgresql-contrib\n\n\ncd backend\nsudo apt install python3.8 python3.8-venv python3.8-dev\n\tSe unable to locate:\n\tsudo add-apt-repository ppa:deadsnakes/ppa\n\tsudo apt update\n\tsudo apt install python3.8 python3.8-venv python3.8-dev\n\n\t\n\nsudo apt install curl\ncurl -sSL https://install.python-poetry.org | python3 -\nexport PATH=\"$HOME/.local/bin:$PATH\"\nsource ~/.bashrc\n\n(restart pc!)\ncd backend\n\npoetry env use python3.8\npoetry env info --path\npoetry run python --version\npoetry install\n\n[Agora, preparar A DB para depois fazer migrate!]\n[Ainda com cd backend, fazer:]\n\tpoetry add psycopg2-binary==2.9.7\n\t\n\n^^^^^^^^^^^^^^^^^\nsudo -u postgres psql\n\n\nCREATE USER doccano_admin WITH PASSWORD 'doccano_pass' CREATEDB;\n\nCREATE DATABASE doccano OWNER doccano_admin;\n\nGRANT ALL PRIVILEGES ON DATABASE doccano TO doccano_admin;\n\nALTER SCHEMA public OWNER TO doccano_admin;\nGRANT ALL ON SCHEMA public TO doccano_admin;\nGRANT CREATE ON SCHEMA public TO doccano_admin;\n\n\\q\n^^^^^^^^^^^^^^^^^\nexport DATABASE_URL=\"postgres://doccano_admin:doccano_pass@localhost:5432/doccano?sslmode=disable\"\necho $DATABASE_URL\n\npoetry self add poetry-plugin-shell\npoetry shell\n\tpip install --upgrade setuptools\n\tpython manage.py migrate\n\tpython manage.py create_roles\n\tpython manage.py create_admin --noinput --username \"admin\" --email \"admin@example.com\" --password \"password\"\n\tpython manage.py runserver\n\t\nNoutro terminal, fazer cd backend\n\nexport DATABASE_URL=\"postgres://doccano_admin:doccano_pass@localhost:5432/doccano?sslmode=disable\"\npoetry shell\n\tcelery --app=config worker --loglevel=INFO --concurrency=1\n\t\n[Est quase, depois vm os fixes, CTRL+C em tudo!]\n\n###Frontend:\n\ncd frontend\nsudo apt install npm OU sudo apt install cmdtest\nnpm install OU yarn install\nnpx nuxt dev OU yarn dev,  igual na prtica.\n\nele deu prompt p instalar uma cena, instalei\n\ndepois:\nrm -rf node_modules package-lock.json\nnpm install\nnpx nuxt dev\n\nCTRL+C\n\n\nir ao ficheiro frontend\\services\\api.service.js \ne em baixo de\nbaseURL: process.env.baseUrl,\npr withCredentials: true \n\n\n###Backend:\n\nno ficheiro backend/config/settings/base.py\n\nAlterar oCSRF_TRUSTED_ORIGINS = env.list(\"CSRF_TRUSTED_ORIGINS\", [])\n\npara:\n\nCSRF_TRUSTED_ORIGINS = env.list(\n    \"CSRF_TRUSTED_ORIGINS\",\n    [\n        \"http://127.0.0.1:3000\",\n        \"http://0.0.0.0:3000\",\n        \"http://localhost:3000\",\n        \"http://192.168.1.3:3000\"   <--- este  oque vos aparece no frontend!!!\n    ],\n)\n\nAlterar a linha 244\n\nCSRF_TRUSTED_ORIGINS = [\"http://127.0.0.1:3000\", \"http://0.0.0.0:3000\", \"http://localhost:3000\"]\n\npara\n\nCSRF_TRUSTED_ORIGINS = [\"http://127.0.0.1:3000ba\", \"http://0.0.0.0:3000\", \"http://localhost:3000\", \"ip que vos aparece no frontend\"]\n\n\ncuidado, pq tem de comear com http e nao pode acabar com \"/\"\n\n------------------------------------------------------------------------------------------------------------------------------------\n\nAgora, para entrar :\n\nBackend:\n\n\ncd backend\npoetry shell\n\nexport DATABASE_URL=\"postgres://doccano_admin:doccano_pass@localhost:5432/doccano?sslmode=disable\"\n\npython manage.py runserver\n\ne, noutro terminal, \n\ncd backend\npoetry shell\n\nexport DATABASE_URL=\"postgres://doccano_admin:doccano_pass@localhost:5432/doccano?sslmode=disable\"\n\ncelery --app=config worker --loglevel=INFO --concurrency=1\n\n\n----------", "score": 100.0, "created_at": "2025-05-31T17:17:12.937Z", "updated_at": "2025-06-01T00:24:48.708Z"}}, {"model": "examples.example", "pk": 2, "fields": {"uuid": "3d0ec417-9114-42e1-8c18-eecf50df9dfd", "meta": {}, "filename": "W4FpYti9xQoT94S3YgPJmm/DwywLKoaHGknRZWmEAb2sM", "upload_name": "tutorialUbuntu3.txt", "project": 16, "annotations_approved_by": null, "text": "Antes de fazer partio com linux tentei vm. VM  demasiado lento e no compensa.\nportanto, primeiro, fazer uma partio vazia atravs do windows. O meu grupo dedicou 100gb.\nDepois, podem ver um tutorial de como fazer dualboot. Vo precisar de uma pen com o .iso do ubuntu.\nNs usmos Ubuntu 24.04.2 LTS.\nInstalem tudo ubuntu-related na partiao, porque depois de LES podem s ir ao windows e jogar a partiao po lixo e fica tudo como devia estar.\n\n\nDepois de instalar, instalem logo o vscode:\n\nhttps://code.visualstudio.com/docs/setup/linux#_install-vs-code-on-linux\n\"download and install the .deb package (64-bit)\"<--\n\n\nInstalar github desktop:\nwget -qO - https://mirror.mwt.me/shiftkey-desktop/gpgkey | gpg --dearmor | sudo tee /usr/share/keyrings/mwt-desktop.gpg > /dev/null\n\nsudo sh -c 'echo \"deb [arch=amd64 signed-by=/usr/share/keyrings/mwt-desktop.gpg] https://mirror.mwt.me/shiftkey-desktop/deb/ any main\" > /etc/apt/sources.list.d/mwt-desktop.list'\n\nsudo apt update && sudo apt install github-desktop\n\n\nUm dos elementos do grupo deve criar um repo no github pq depois vao instalar o cdigo a partir desse, para q possam editar.\n\n\n\n\nBackend:\n\nsudo apt update\nsudo apt install git\nsudo apt install postgresql postgresql-contrib\n\n\ncd backend\nsudo apt install python3.8 python3.8-venv python3.8-dev\n\tSe unable to locate:\n\tsudo add-apt-repository ppa:deadsnakes/ppa\n\tsudo apt update\n\tsudo apt install python3.8 python3.8-venv python3.8-dev\n\n\t\n\nsudo apt install curl\ncurl -sSL https://install.python-poetry.org | python3 -\nexport PATH=\"$HOME/.local/bin:$PATH\"\nsource ~/.bashrc\n\n(restart pc!)\ncd backend\n\npoetry env use python3.8\npoetry env info --path\npoetry run python --version\npoetry install\n\n[Agora, preparar A DB para depois fazer migrate!]\n[Ainda com cd backend, fazer:]\n\tpoetry add psycopg2-binary==2.9.7\n\t\n\n^^^^^^^^^^^^^^^^^\nsudo -u postgres psql\n\n\nCREATE USER doccano_admin WITH PASSWORD 'doccano_pass' CREATEDB;\n\nCREATE DATABASE doccano OWNER doccano_admin;\n\nGRANT ALL PRIVILEGES ON DATABASE doccano TO doccano_admin;\n\nALTER SCHEMA public OWNER TO doccano_admin;\nGRANT ALL ON SCHEMA public TO doccano_admin;\nGRANT CREATE ON SCHEMA public TO doccano_admin;\n\n\\q\n^^^^^^^^^^^^^^^^^\nexport DATABASE_URL=\"postgres://doccano_admin:doccano_pass@localhost:5432/doccano?sslmode=disable\"\necho $DATABASE_URL\n\npoetry self add poetry-plugin-shell\npoetry shell\n\tpip install --upgrade setuptools\n\tpython manage.py migrate\n\tpython manage.py create_roles\n\tpython manage.py create_admin --noinput --username \"admin\" --email \"admin@example.com\" --password \"password\"\n\tpython manage.py runserver\n\t\nNoutro terminal, fazer cd backend\n\nexport DATABASE_URL=\"postgres://doccano_admin:doccano_pass@localhost:5432/doccano?sslmode=disable\"\npoetry shell\n\tcelery --app=config worker --loglevel=INFO --concurrency=1\n\t\n[Est quase, depois vm os fixes, CTRL+C em tudo!]\n\n###Frontend:\n\ncd frontend\nsudo apt install npm OU sudo apt install cmdtest\nnpm install OU yarn install\nnpx nuxt dev OU yarn dev,  igual na prtica.\n\nele deu prompt p instalar uma cena, instalei\n\ndepois:\nrm -rf node_modules package-lock.json\nnpm install\nnpx nuxt dev\n\nCTRL+C\n\n\nir ao ficheiro frontend\\services\\api.service.js \ne em baixo de\nbaseURL: process.env.baseUrl,\npr withCredentials: true \n\n\n###Backend:\n\nno ficheiro backend/config/settings/base.py\n\nAlterar oCSRF_TRUSTED_ORIGINS = env.list(\"CSRF_TRUSTED_ORIGINS\", [])\n\npara:\n\nCSRF_TRUSTED_ORIGINS = env.list(\n    \"CSRF_TRUSTED_ORIGINS\",\n    [\n        \"http://127.0.0.1:3000\",\n        \"http://0.0.0.0:3000\",\n        \"http://localhost:3000\",\n        \"http://192.168.1.3:3000\"   <--- este  oque vos aparece no frontend!!!\n    ],\n)\n\nAlterar a linha 244\n\nCSRF_TRUSTED_ORIGINS = [\"http://127.0.0.1:3000\", \"http://0.0.0.0:3000\", \"http://localhost:3000\"]\n\npara\n\nCSRF_TRUSTED_ORIGINS = [\"http://127.0.0.1:3000ba\", \"http://0.0.0.0:3000\", \"http://localhost:3000\", \"ip que vos aparece no frontend\"]\n\n\ncuidado, pq tem de comear com http e nao pode acabar com \"/\"\n\n------------------------------------------------------------------------------------------------------------------------------------\n\nAgora, para entrar :\n\nBackend:\n\n\ncd backend\npoetry shell\n\nexport DATABASE_URL=\"postgres://doccano_admin:doccano_pass@localhost:5432/doccano?sslmode=disable\"\n\npython manage.py runserver\n\ne, noutro terminal, \n\ncd backend\npoetry shell\n\nexport DATABASE_URL=\"postgres://doccano_admin:doccano_pass@localhost:5432/doccano?sslmode=disable\"\n\ncelery --app=config worker --loglevel=INFO --concurrency=1\n\n\n----------\n\n", "score": 100.0, "created_at": "2025-06-10T14:52:08.950Z", "updated_at": "2025-06-10T14:52:08.951Z"}}, {"model": "examples.example", "pk": 3, "fields": {"uuid": "c4e637ee-1313-4ccc-9ece-67204f7697d7", "meta": {}, "filename": "hSr6jzJY9LKMVwy4fBVmHy/LS6cMuLGSzFSQoHEsXKG2m", "upload_name": "tutorialUbuntu3.txt", "project": 7, "annotations_approved_by": null, "text": "Antes de fazer partio com linux tentei vm. VM  demasiado lento e no compensa.\nportanto, primeiro, fazer uma partio vazia atravs do windows. O meu grupo dedicou 100gb.\nDepois, podem ver um tutorial de como fazer dualboot. Vo precisar de uma pen com o .iso do ubuntu.\nNs usmos Ubuntu 24.04.2 LTS.\nInstalem tudo ubuntu-related na partiao, porque depois de LES podem s ir ao windows e jogar a partiao po lixo e fica tudo como devia estar.\n\n\nDepois de instalar, instalem logo o vscode:\n\nhttps://code.visualstudio.com/docs/setup/linux#_install-vs-code-on-linux\n\"download and install the .deb package (64-bit)\"<--\n\n\nInstalar github desktop:\nwget -qO - https://mirror.mwt.me/shiftkey-desktop/gpgkey | gpg --dearmor | sudo tee /usr/share/keyrings/mwt-desktop.gpg > /dev/null\n\nsudo sh -c 'echo \"deb [arch=amd64 signed-by=/usr/share/keyrings/mwt-desktop.gpg] https://mirror.mwt.me/shiftkey-desktop/deb/ any main\" > /etc/apt/sources.list.d/mwt-desktop.list'\n\nsudo apt update && sudo apt install github-desktop\n\n\nUm dos elementos do grupo deve criar um repo no github pq depois vao instalar o cdigo a partir desse, para q possam editar.\n\n\n\n\nBackend:\n\nsudo apt update\nsudo apt install git\nsudo apt install postgresql postgresql-contrib\n\n\ncd backend\nsudo apt install python3.8 python3.8-venv python3.8-dev\n\tSe unable to locate:\n\tsudo add-apt-repository ppa:deadsnakes/ppa\n\tsudo apt update\n\tsudo apt install python3.8 python3.8-venv python3.8-dev\n\n\t\n\nsudo apt install curl\ncurl -sSL https://install.python-poetry.org | python3 -\nexport PATH=\"$HOME/.local/bin:$PATH\"\nsource ~/.bashrc\n\n(restart pc!)\ncd backend\n\npoetry env use python3.8\npoetry env info --path\npoetry run python --version\npoetry install\n\n[Agora, preparar A DB para depois fazer migrate!]\n[Ainda com cd backend, fazer:]\n\tpoetry add psycopg2-binary==2.9.7\n\t\n\n^^^^^^^^^^^^^^^^^\nsudo -u postgres psql\n\n\nCREATE USER doccano_admin WITH PASSWORD 'doccano_pass' CREATEDB;\n\nCREATE DATABASE doccano OWNER doccano_admin;\n\nGRANT ALL PRIVILEGES ON DATABASE doccano TO doccano_admin;\n\nALTER SCHEMA public OWNER TO doccano_admin;\nGRANT ALL ON SCHEMA public TO doccano_admin;\nGRANT CREATE ON SCHEMA public TO doccano_admin;\n\n\\q\n^^^^^^^^^^^^^^^^^\nexport DATABASE_URL=\"postgres://doccano_admin:doccano_pass@localhost:5432/doccano?sslmode=disable\"\necho $DATABASE_URL\n\npoetry self add poetry-plugin-shell\npoetry shell\n\tpip install --upgrade setuptools\n\tpython manage.py migrate\n\tpython manage.py create_roles\n\tpython manage.py create_admin --noinput --username \"admin\" --email \"admin@example.com\" --password \"password\"\n\tpython manage.py runserver\n\t\nNoutro terminal, fazer cd backend\n\nexport DATABASE_URL=\"postgres://doccano_admin:doccano_pass@localhost:5432/doccano?sslmode=disable\"\npoetry shell\n\tcelery --app=config worker --loglevel=INFO --concurrency=1\n\t\n[Est quase, depois vm os fixes, CTRL+C em tudo!]\n\n###Frontend:\n\ncd frontend\nsudo apt install npm OU sudo apt install cmdtest\nnpm install OU yarn install\nnpx nuxt dev OU yarn dev,  igual na prtica.\n\nele deu prompt p instalar uma cena, instalei\n\ndepois:\nrm -rf node_modules package-lock.json\nnpm install\nnpx nuxt dev\n\nCTRL+C\n\n\nir ao ficheiro frontend\\services\\api.service.js \ne em baixo de\nbaseURL: process.env.baseUrl,\npr withCredentials: true \n\n\n###Backend:\n\nno ficheiro backend/config/settings/base.py\n\nAlterar oCSRF_TRUSTED_ORIGINS = env.list(\"CSRF_TRUSTED_ORIGINS\", [])\n\npara:\n\nCSRF_TRUSTED_ORIGINS = env.list(\n    \"CSRF_TRUSTED_ORIGINS\",\n    [\n        \"http://127.0.0.1:3000\",\n        \"http://0.0.0.0:3000\",\n        \"http://localhost:3000\",\n        \"http://192.168.1.3:3000\"   <--- este  oque vos aparece no frontend!!!\n    ],\n)\n\nAlterar a linha 244\n\nCSRF_TRUSTED_ORIGINS = [\"http://127.0.0.1:3000\", \"http://0.0.0.0:3000\", \"http://localhost:3000\"]\n\npara\n\nCSRF_TRUSTED_ORIGINS = [\"http://127.0.0.1:3000ba\", \"http://0.0.0.0:3000\", \"http://localhost:3000\", \"ip que vos aparece no frontend\"]\n\n\ncuidado, pq tem de comear com http e nao pode acabar com \"/\"\n\n------------------------------------------------------------------------------------------------------------------------------------\n\nAgora, para entrar :\n\nBackend:\n\n\ncd backend\npoetry shell\n\nexport DATABASE_URL=\"postgres://doccano_admin:doccano_pass@localhost:5432/doccano?sslmode=disable\"\n\npython manage.py runserver\n\ne, noutro terminal, \n\ncd backend\npoetry shell\n\nexport DATABASE_URL=\"postgres://doccano_admin:doccano_pass@localhost:5432/doccano?sslmode=disable\"\n\ncelery --app=config worker --loglevel=INFO --concurrency=1\n\n\n----------\n\n", "score": 100.0, "created_at": "2025-06-10T15:48:21.669Z", "updated_at": "2025-06-10T15:48:21.669Z"}}, {"model": "examples.example", "pk": 4, "fields": {"uuid": "4f4cdeb6-9769-498e-bcff-7850129ac399", "meta": {}, "filename": "JTn2UN9VLuU5pA9385gXoS/8GHjJViXu6c5txNLywxT9b", "upload_name": "ola bom dia.txt", "project": 7, "annotations_approved_by": null, "text": "ola bom dia \n", "score": 100.0, "created_at": "2025-06-10T16:00:25.827Z", "updated_at": "2025-06-10T16:00:25.827Z"}}, {"model": "examples.example", "pk": 5, "fields": {"uuid": "ae1b3121-3156-4bd7-9ce4-0518fc866e5e", "meta": {}, "filename": "DZtCUoFQHm6aQsL86WYVQx/8Qn9NBhbB5YEDryg2xbx5P", "upload_name": "ola bom dia.txt", "project": 15, "annotations_approved_by": null, "text": "ola bom dia \n", "score": 100.0, "created_at": "2025-06-10T22:43:54.307Z", "updated_at": "2025-06-10T22:43:54.307Z"}}, {"model": "examples.example", "pk": 6, "fields": {"uuid": "5dcb393f-fd7a-44aa-b446-60cf1b49ae1f", "meta": {}, "filename": "KqTxnZGrQZZYGZDtMm8Ymd/9vYVJvoNTxBMjRrcMVyepE", "upload_name": "ola bom dia.txt", "project": 6, "annotations_approved_by": null, "text": "ola bom dia \n", "score": 100.0, "created_at": "2025-06-10T22:47:18.339Z", "updated_at": "2025-06-10T22:47:18.339Z"}}, {"model": "examples.example", "pk": 7, "fields": {"uuid": "193ea466-3f80-4254-aa8b-e205ce326372", "meta": {}, "filename": "YYUJFwcz3LBWE9Qf9R53p7/2igmViKum2bHvNAjAsPYPa", "upload_name": "tutorialUbuntu3.txt", "project": 6, "annotations_approved_by": null, "text": "Antes de fazer partio com linux tentei vm. VM  demasiado lento e no compensa.\nportanto, primeiro, fazer uma partio vazia atravs do windows. O meu grupo dedicou 100gb.\nDepois, podem ver um tutorial de como fazer dualboot. Vo precisar de uma pen com o .iso do ubuntu.\nNs usmos Ubuntu 24.04.2 LTS.\nInstalem tudo ubuntu-related na partiao, porque depois de LES podem s ir ao windows e jogar a partiao po lixo e fica tudo como devia estar.\n\n\nDepois de instalar, instalem logo o vscode:\n\nhttps://code.visualstudio.com/docs/setup/linux#_install-vs-code-on-linux\n\"download and install the .deb package (64-bit)\"<--\n\n\nInstalar github desktop:\nwget -qO - https://mirror.mwt.me/shiftkey-desktop/gpgkey | gpg --dearmor | sudo tee /usr/share/keyrings/mwt-desktop.gpg > /dev/null\n\nsudo sh -c 'echo \"deb [arch=amd64 signed-by=/usr/share/keyrings/mwt-desktop.gpg] https://mirror.mwt.me/shiftkey-desktop/deb/ any main\" > /etc/apt/sources.list.d/mwt-desktop.list'\n\nsudo apt update && sudo apt install github-desktop\n\n\nUm dos elementos do grupo deve criar um repo no github pq depois vao instalar o cdigo a partir desse, para q possam editar.\n\n\n\n\nBackend:\n\nsudo apt update\nsudo apt install git\nsudo apt install postgresql postgresql-contrib\n\n\ncd backend\nsudo apt install python3.8 python3.8-venv python3.8-dev\n\tSe unable to locate:\n\tsudo add-apt-repository ppa:deadsnakes/ppa\n\tsudo apt update\n\tsudo apt install python3.8 python3.8-venv python3.8-dev\n\n\t\n\nsudo apt install curl\ncurl -sSL https://install.python-poetry.org | python3 -\nexport PATH=\"$HOME/.local/bin:$PATH\"\nsource ~/.bashrc\n\n(restart pc!)\ncd backend\n\npoetry env use python3.8\npoetry env info --path\npoetry run python --version\npoetry install\n\n[Agora, preparar A DB para depois fazer migrate!]\n[Ainda com cd backend, fazer:]\n\tpoetry add psycopg2-binary==2.9.7\n\t\n\n^^^^^^^^^^^^^^^^^\nsudo -u postgres psql\n\n\nCREATE USER doccano_admin WITH PASSWORD 'doccano_pass' CREATEDB;\n\nCREATE DATABASE doccano OWNER doccano_admin;\n\nGRANT ALL PRIVILEGES ON DATABASE doccano TO doccano_admin;\n\nALTER SCHEMA public OWNER TO doccano_admin;\nGRANT ALL ON SCHEMA public TO doccano_admin;\nGRANT CREATE ON SCHEMA public TO doccano_admin;\n\n\\q\n^^^^^^^^^^^^^^^^^\nexport DATABASE_URL=\"postgres://doccano_admin:doccano_pass@localhost:5432/doccano?sslmode=disable\"\necho $DATABASE_URL\n\npoetry self add poetry-plugin-shell\npoetry shell\n\tpip install --upgrade setuptools\n\tpython manage.py migrate\n\tpython manage.py create_roles\n\tpython manage.py create_admin --noinput --username \"admin\" --email \"admin@example.com\" --password \"password\"\n\tpython manage.py runserver\n\t\nNoutro terminal, fazer cd backend\n\nexport DATABASE_URL=\"postgres://doccano_admin:doccano_pass@localhost:5432/doccano?sslmode=disable\"\npoetry shell\n\tcelery --app=config worker --loglevel=INFO --concurrency=1\n\t\n[Est quase, depois vm os fixes, CTRL+C em tudo!]\n\n###Frontend:\n\ncd frontend\nsudo apt install npm OU sudo apt install cmdtest\nnpm install OU yarn install\nnpx nuxt dev OU yarn dev,  igual na prtica.\n\nele deu prompt p instalar uma cena, instalei\n\ndepois:\nrm -rf node_modules package-lock.json\nnpm install\nnpx nuxt dev\n\nCTRL+C\n\n\nir ao ficheiro frontend\\services\\api.service.js \ne em baixo de\nbaseURL: process.env.baseUrl,\npr withCredentials: true \n\n\n###Backend:\n\nno ficheiro backend/config/settings/base.py\n\nAlterar oCSRF_TRUSTED_ORIGINS = env.list(\"CSRF_TRUSTED_ORIGINS\", [])\n\npara:\n\nCSRF_TRUSTED_ORIGINS = env.list(\n    \"CSRF_TRUSTED_ORIGINS\",\n    [\n        \"http://127.0.0.1:3000\",\n        \"http://0.0.0.0:3000\",\n        \"http://localhost:3000\",\n        \"http://192.168.1.3:3000\"   <--- este  oque vos aparece no frontend!!!\n    ],\n)\n\nAlterar a linha 244\n\nCSRF_TRUSTED_ORIGINS = [\"http://127.0.0.1:3000\", \"http://0.0.0.0:3000\", \"http://localhost:3000\"]\n\npara\n\nCSRF_TRUSTED_ORIGINS = [\"http://127.0.0.1:3000ba\", \"http://0.0.0.0:3000\", \"http://localhost:3000\", \"ip que vos aparece no frontend\"]\n\n\ncuidado, pq tem de comear com http e nao pode acabar com \"/\"\n\n------------------------------------------------------------------------------------------------------------------------------------\n\nAgora, para entrar :\n\nBackend:\n\n\ncd backend\npoetry shell\n\nexport DATABASE_URL=\"postgres://doccano_admin:doccano_pass@localhost:5432/doccano?sslmode=disable\"\n\npython manage.py runserver\n\ne, noutro terminal, \n\ncd backend\npoetry shell\n\nexport DATABASE_URL=\"postgres://doccano_admin:doccano_pass@localhost:5432/doccano?sslmode=disable\"\n\ncelery --app=config worker --loglevel=INFO --concurrency=1\n\n\n----------\n\n", "score": 100.0, "created_at": "2025-06-10T23:09:47.273Z", "updated_at": "2025-06-10T23:09:47.273Z"}}, {"model": "examples.example", "pk": 8, "fields": {"uuid": "88dfcd57-2aae-4877-b297-8d38bd0724d6", "meta": {}, "filename": "hSr6jzJY9LKMVwy4fBVmHy/LS6cMuLGSzFSQoHEsXKG2m", "upload_name": "tutorialUbuntu3.txt", "project": 17, "annotations_approved_by": null, "text": "Antes de fazer partio com linux tentei vm. VM  demasiado lento e no compensa.\nportanto, primeiro, fazer uma partio vazia atravs do windows. O meu grupo dedicou 100gb.\nDepois, podem ver um tutorial de como fazer dualboot. Vo precisar de uma pen com o .iso do ubuntu.\nNs usmos Ubuntu 24.04.2 LTS.\nInstalem tudo ubuntu-related na partiao, porque depois de LES podem s ir ao windows e jogar a partiao po lixo e fica tudo como devia estar.\n\n\nDepois de instalar, instalem logo o vscode:\n\nhttps://code.visualstudio.com/docs/setup/linux#_install-vs-code-on-linux\n\"download and install the .deb package (64-bit)\"<--\n\n\nInstalar github desktop:\nwget -qO - https://mirror.mwt.me/shiftkey-desktop/gpgkey | gpg --dearmor | sudo tee /usr/share/keyrings/mwt-desktop.gpg > /dev/null\n\nsudo sh -c 'echo \"deb [arch=amd64 signed-by=/usr/share/keyrings/mwt-desktop.gpg] https://mirror.mwt.me/shiftkey-desktop/deb/ any main\" > /etc/apt/sources.list.d/mwt-desktop.list'\n\nsudo apt update && sudo apt install github-desktop\n\n\nUm dos elementos do grupo deve criar um repo no github pq depois vao instalar o cdigo a partir desse, para q possam editar.\n\n\n\n\nBackend:\n\nsudo apt update\nsudo apt install git\nsudo apt install postgresql postgresql-contrib\n\n\ncd backend\nsudo apt install python3.8 python3.8-venv python3.8-dev\n\tSe unable to locate:\n\tsudo add-apt-repository ppa:deadsnakes/ppa\n\tsudo apt update\n\tsudo apt install python3.8 python3.8-venv python3.8-dev\n\n\t\n\nsudo apt install curl\ncurl -sSL https://install.python-poetry.org | python3 -\nexport PATH=\"$HOME/.local/bin:$PATH\"\nsource ~/.bashrc\n\n(restart pc!)\ncd backend\n\npoetry env use python3.8\npoetry env info --path\npoetry run python --version\npoetry install\n\n[Agora, preparar A DB para depois fazer migrate!]\n[Ainda com cd backend, fazer:]\n\tpoetry add psycopg2-binary==2.9.7\n\t\n\n^^^^^^^^^^^^^^^^^\nsudo -u postgres psql\n\n\nCREATE USER doccano_admin WITH PASSWORD 'doccano_pass' CREATEDB;\n\nCREATE DATABASE doccano OWNER doccano_admin;\n\nGRANT ALL PRIVILEGES ON DATABASE doccano TO doccano_admin;\n\nALTER SCHEMA public OWNER TO doccano_admin;\nGRANT ALL ON SCHEMA public TO doccano_admin;\nGRANT CREATE ON SCHEMA public TO doccano_admin;\n\n\\q\n^^^^^^^^^^^^^^^^^\nexport DATABASE_URL=\"postgres://doccano_admin:doccano_pass@localhost:5432/doccano?sslmode=disable\"\necho $DATABASE_URL\n\npoetry self add poetry-plugin-shell\npoetry shell\n\tpip install --upgrade setuptools\n\tpython manage.py migrate\n\tpython manage.py create_roles\n\tpython manage.py create_admin --noinput --username \"admin\" --email \"admin@example.com\" --password \"password\"\n\tpython manage.py runserver\n\t\nNoutro terminal, fazer cd backend\n\nexport DATABASE_URL=\"postgres://doccano_admin:doccano_pass@localhost:5432/doccano?sslmode=disable\"\npoetry shell\n\tcelery --app=config worker --loglevel=INFO --concurrency=1\n\t\n[Est quase, depois vm os fixes, CTRL+C em tudo!]\n\n###Frontend:\n\ncd frontend\nsudo apt install npm OU sudo apt install cmdtest\nnpm install OU yarn install\nnpx nuxt dev OU yarn dev,  igual na prtica.\n\nele deu prompt p instalar uma cena, instalei\n\ndepois:\nrm -rf node_modules package-lock.json\nnpm install\nnpx nuxt dev\n\nCTRL+C\n\n\nir ao ficheiro frontend\\services\\api.service.js \ne em baixo de\nbaseURL: process.env.baseUrl,\npr withCredentials: true \n\n\n###Backend:\n\nno ficheiro backend/config/settings/base.py\n\nAlterar oCSRF_TRUSTED_ORIGINS = env.list(\"CSRF_TRUSTED_ORIGINS\", [])\n\npara:\n\nCSRF_TRUSTED_ORIGINS = env.list(\n    \"CSRF_TRUSTED_ORIGINS\",\n    [\n        \"http://127.0.0.1:3000\",\n        \"http://0.0.0.0:3000\",\n        \"http://localhost:3000\",\n        \"http://192.168.1.3:3000\"   <--- este  oque vos aparece no frontend!!!\n    ],\n)\n\nAlterar a linha 244\n\nCSRF_TRUSTED_ORIGINS = [\"http://127.0.0.1:3000\", \"http://0.0.0.0:3000\", \"http://localhost:3000\"]\n\npara\n\nCSRF_TRUSTED_ORIGINS = [\"http://127.0.0.1:3000ba\", \"http://0.0.0.0:3000\", \"http://localhost:3000\", \"ip que vos aparece no frontend\"]\n\n\ncuidado, pq tem de comear com http e nao pode acabar com \"/\"\n\n------------------------------------------------------------------------------------------------------------------------------------\n\nAgora, para entrar :\n\nBackend:\n\n\ncd backend\npoetry shell\n\nexport DATABASE_URL=\"postgres://doccano_admin:doccano_pass@localhost:5432/doccano?sslmode=disable\"\n\npython manage.py runserver\n\ne, noutro terminal, \n\ncd backend\npoetry shell\n\nexport DATABASE_URL=\"postgres://doccano_admin:doccano_pass@localhost:5432/doccano?sslmode=disable\"\n\ncelery --app=config worker --loglevel=INFO --concurrency=1\n\n\n----------\n\n", "score": 100.0, "created_at": "2025-06-11T14:02:04.678Z", "updated_at": "2025-06-11T14:02:04.678Z"}}, {"model": "examples.example", "pk": 9, "fields": {"uuid": "30e56153-bc6d-4a07-bd35-eda420fc0302", "meta": {}, "filename": "JTn2UN9VLuU5pA9385gXoS/8GHjJViXu6c5txNLywxT9b", "upload_name": "ola bom dia.txt", "project": 17, "annotations_approved_by": null, "text": "ola bom dia \n", "score": 100.0, "created_at": "2025-06-11T14:02:04.678Z", "updated_at": "2025-06-11T14:02:04.678Z"}}, {"model": "examples.assignment", "pk": "0e0ea307-fb4a-42bb-9c7f-d9e2276906d6", "fields": {"project": 7, "example": 3, "assignee": 4, "created_at": "2025-06-10T15:48:50.222Z", "updated_at": "2025-06-10T15:48:50.222Z"}}, {"model": "examples.assignment", "pk": "181ea751-139f-4202-85ff-f1f4060bde5e", "fields": {"project": 1, "example": 1, "assignee": 3, "created_at": "2025-06-10T15:28:56.519Z", "updated_at": "2025-06-10T15:28:56.519Z"}}, {"model": "examples.assignment", "pk": "2e423ce6-2bb4-4474-b52a-9e9c20375973", "fields": {"project": 6, "example": 6, "assignee": 1, "created_at": "2025-06-10T22:47:34.699Z", "updated_at": "2025-06-10T22:47:34.699Z"}}, {"model": "examples.assignment", "pk": "4694721a-d947-4337-956e-0ef5b54a05e6", "fields": {"project": 17, "example": 8, "assignee": 1, "created_at": "2025-06-11T14:10:08.546Z", "updated_at": "2025-06-11T14:10:08.546Z"}}, {"model": "examples.assignment", "pk": "62237fb2-cfe3-402a-98da-d9237c5ae446", "fields": {"project": 7, "example": 4, "assignee": 4, "created_at": "2025-06-10T16:01:10.952Z", "updated_at": "2025-06-10T16:01:10.952Z"}}, {"model": "examples.assignment", "pk": "7229c27c-5fd7-45da-bd14-50b9f05f9556", "fields": {"project": 6, "example": 6, "assignee": 4, "created_at": "2025-06-10T22:47:36.881Z", "updated_at": "2025-06-10T22:47:36.881Z"}}, {"model": "examples.assignment", "pk": "7acb3c57-97bc-4728-9f4c-17bddd2ce080", "fields": {"project": 6, "example": 7, "assignee": 1, "created_at": "2025-06-10T23:09:57.647Z", "updated_at": "2025-06-10T23:09:57.647Z"}}, {"model": "examples.assignment", "pk": "936f4566-aae1-4ec0-8835-13075b43cb1d", "fields": {"project": 17, "example": 9, "assignee": 1, "created_at": "2025-06-11T14:13:32.104Z", "updated_at": "2025-06-11T14:13:32.104Z"}}, {"model": "examples.assignment", "pk": "a5f651c4-ae0d-4dff-87bc-3f8eb0fa67fe", "fields": {"project": 7, "example": 4, "assignee": 1, "created_at": "2025-06-10T16:01:09.887Z", "updated_at": "2025-06-10T16:01:09.887Z"}}, {"model": "examples.assignment", "pk": "a7d5c078-3765-4fa0-abe1-d2556ee5293e", "fields": {"project": 15, "example": 5, "assignee": 1, "created_at": "2025-06-10T22:44:52.398Z", "updated_at": "2025-06-10T22:44:52.398Z"}}, {"model": "examples.assignment", "pk": "a847d2cd-97fd-4ef3-b1a4-235278615471", "fields": {"project": 17, "example": 8, "assignee": 4, "created_at": "2025-06-11T14:10:09.960Z", "updated_at": "2025-06-11T14:10:09.960Z"}}, {"model": "examples.assignment", "pk": "b9108744-6bfa-4a6d-8697-f0a29775b8fa", "fields": {"project": 1, "example": 1, "assignee": 1, "created_at": "2025-06-10T15:27:52.828Z", "updated_at": "2025-06-10T15:27:52.828Z"}}, {"model": "examples.assignment", "pk": "ba28833d-5e66-4588-8c5a-1e14a68f3c6e", "fields": {"project": 7, "example": 3, "assignee": 1, "created_at": "2025-06-10T15:48:51.553Z", "updated_at": "2025-06-10T15:48:51.553Z"}}, {"model": "examples.assignment", "pk": "d0003327-756e-4d02-9cdc-08a56cef409a", "fields": {"project": 6, "example": 7, "assignee": 4, "created_at": "2025-06-10T23:09:59.431Z", "updated_at": "2025-06-10T23:09:59.431Z"}}, {"model": "examples.assignment", "pk": "d70b81f4-850c-45be-baec-af0089bd1256", "fields": {"project": 1, "example": 1, "assignee": 4, "created_at": "2025-06-10T15:30:40.915Z", "updated_at": "2025-06-10T15:30:40.915Z"}}, {"model": "authtoken.token", "pk": "b0d908a0edd042646d41ab846a8ec7351c3288d2", "fields": {"user": 1, "created": "2025-06-11T21:43:42.590Z"}}, {"model": "sites.site", "pk": 1, "fields": {"domain": "example.com", "name": "example.com"}}, {"model": "django_celery_results.taskresult", "pk": 1, "fields": {"task_id": "7d62ca90-53c9-4e8e-bfc4-453a20df1fda", "periodic_task_name": null, "task_name": null, "task_args": null, "task_kwargs": null, "status": "SUCCESS", "worker": null, "content_type": "application/json", "content_encoding": "utf-8", "result": "{\"error\": []}", "date_created": "2025-05-31T17:17:12.965Z", "date_done": "2025-05-31T17:17:12.965Z", "traceback": null, "meta": "{\"children\": []}"}}, {"model": "django_celery_results.taskresult", "pk": 2, "fields": {"task_id": "bf39034d-3e8b-4bc4-8cd6-721c9cedf791", "periodic_task_name": null, "task_name": null, "task_args": null, "task_kwargs": null, "status": "SUCCESS", "worker": null, "content_type": "application/json", "content_encoding": "utf-8", "result": "{\"error\": []}", "date_created": "2025-06-10T14:52:09.041Z", "date_done": "2025-06-10T14:52:09.041Z", "traceback": null, "meta": "{\"children\": []}"}}, {"model": "django_celery_results.taskresult", "pk": 3, "fields": {"task_id": "44cf6638-1e93-42ba-804f-e66b68155e03", "periodic_task_name": null, "task_name": null, "task_args": null, "task_kwargs": null, "status": "SUCCESS", "worker": null, "content_type": "application/json", "content_encoding": "utf-8", "result": "{\"error\": []}", "date_created": "2025-06-10T15:48:21.700Z", "date_done": "2025-06-10T15:48:21.701Z", "traceback": null, "meta": "{\"children\": []}"}}, {"model": "django_celery_results.taskresult", "pk": 4, "fields": {"task_id": "adb9c0b6-06d2-4332-bccd-5e534ea37653", "periodic_task_name": null, "task_name": null, "task_args": null, "task_kwargs": null, "status": "SUCCESS", "worker": null, "content_type": "application/json", "content_encoding": "utf-8", "result": "{\"error\": []}", "date_created": "2025-06-10T16:00:25.843Z", "date_done": "2025-06-10T16:00:25.843Z", "traceback": null, "meta": "{\"children\": []}"}}, {"model": "django_celery_results.taskresult", "pk": 5, "fields": {"task_id": "788b6964-d10c-42d2-acb8-a99de845d2c1", "periodic_task_name": null, "task_name": null, "task_args": null, "task_kwargs": null, "status": "SUCCESS", "worker": null, "content_type": "application/json", "content_encoding": "utf-8", "result": "{\"error\": []}", "date_created": "2025-06-10T22:43:54.390Z", "date_done": "2025-06-10T22:43:54.390Z", "traceback": null, "meta": "{\"children\": []}"}}, {"model": "django_celery_results.taskresult", "pk": 6, "fields": {"task_id": "f5ff10ba-72de-4eb9-96b6-bc20435465b2", "periodic_task_name": null, "task_name": null, "task_args": null, "task_kwargs": null, "status": "SUCCESS", "worker": null, "content_type": "application/json", "content_encoding": "utf-8", "result": "{\"error\": []}", "date_created": "2025-06-10T22:47:18.357Z", "date_done": "2025-06-10T22:47:18.357Z", "traceback": null, "meta": "{\"children\": []}"}}, {"model": "django_celery_results.taskresult", "pk": 7, "fields": {"task_id": "953c7ad0-373f-41b8-a56c-d701edd127f8", "periodic_task_name": null, "task_name": null, "task_args": null, "task_kwargs": null, "status": "SUCCESS", "worker": null, "content_type": "application/json", "content_encoding": "utf-8", "result": "{\"error\": []}", "date_created": "2025-06-10T23:09:47.293Z", "date_done": "2025-06-10T23:09:47.293Z", "traceback": null, "meta": "{\"children\": []}"}}, {"model": "django_drf_filepond.temporaryupload", "pk": "BFhj8fhfgFmye6KkcwNjss", "fields": {"file_id": "ScCa4YpVJTVsozQDWX2uvA", "file": "BFhj8fhfgFmye6KkcwNjss/ScCa4YpVJTVsozQDWX2uvA", "upload_name": "tutorialUbuntu3.txt", "uploaded": "2025-06-10T15:51:09.013Z", "upload_type": "F", "uploaded_by": 1}}, {"model": "django_drf_filepond.storedupload", "pk": "DZtCUoFQHm6aQsL86WYVQx", "fields": {"file": "DZtCUoFQHm6aQsL86WYVQx/8Qn9NBhbB5YEDryg2xbx5P", "uploaded": "2025-06-10T22:43:50.005Z", "stored": "2025-06-10T22:43:54.345Z", "uploaded_by": 1}}, {"model": "django_drf_filepond.storedupload", "pk": "hSr6jzJY9LKMVwy4fBVmHy", "fields": {"file": "hSr6jzJY9LKMVwy4fBVmHy/LS6cMuLGSzFSQoHEsXKG2m", "uploaded": "2025-06-10T15:48:17.474Z", "stored": "2025-06-10T15:48:21.688Z", "uploaded_by": 1}}, {"model": "django_drf_filepond.storedupload", "pk": "JTn2UN9VLuU5pA9385gXoS", "fields": {"file": "JTn2UN9VLuU5pA9385gXoS/8GHjJViXu6c5txNLywxT9b", "uploaded": "2025-06-10T16:00:21.928Z", "stored": "2025-06-10T16:00:25.837Z", "uploaded_by": 1}}, {"model": "django_drf_filepond.storedupload", "pk": "KqTxnZGrQZZYGZDtMm8Ymd", "fields": {"file": "KqTxnZGrQZZYGZDtMm8Ymd/9vYVJvoNTxBMjRrcMVyepE", "uploaded": "2025-06-10T22:47:15.062Z", "stored": "2025-06-10T22:47:18.350Z", "uploaded_by": 1}}, {"model": "django_drf_filepond.storedupload", "pk": "W4FpYti9xQoT94S3YgPJmm", "fields": {"file": "W4FpYti9xQoT94S3YgPJmm/DwywLKoaHGknRZWmEAb2sM", "uploaded": "2025-06-10T14:52:03.926Z", "stored": "2025-06-10T14:52:08.996Z", "uploaded_by": 1}}, {"model": "django_drf_filepond.storedupload", "pk": "XFcjUnXBJzMLbw9NDCUJJ4", "fields": {"file": "XFcjUnXBJzMLbw9NDCUJJ4/DYXTVryPPXbwVHHr32h2pN", "uploaded": "2025-05-31T17:17:10.068Z", "stored": "2025-05-31T17:17:12.954Z", "uploaded_by": 1}}, {"model": "django_drf_filepond.storedupload", "pk": "YYUJFwcz3LBWE9Qf9R53p7", "fields": {"file": "YYUJFwcz3LBWE9Qf9R53p7/2igmViKum2bHvNAjAsPYPa", "uploaded": "2025-06-10T23:09:41.648Z", "stored": "2025-06-10T23:09:47.285Z", "uploaded_by": 1}}]